drop table StoreManager cascade constraints;
drop table Customer cascade constraints;
drop table Store1 cascade constraints;
drop table Store2 cascade constraints;
drop table MessageSendsAndReceives cascade constraints;
drop table FoodItemOffers1 cascade constraints;
drop table FoodItemOffers2 cascade constraints;
drop table OrderFullfillsAndPlaces cascade constraints;
drop table Contains cascade constraints;


CREATE TABLE StoreManager(
	smid int,
	smUsername varchar(50) NOT NULL,
	smPassword varchar(50) NOT NULL,
	smName varchar(50),
	smAddress varchar(50),
	PRIMARY KEY (smid),
	UNIQUE (smUsername)
);
grant select on StoreManager to public;


CREATE TABLE Customer(
	cid int,
	cUsername varchar(50) NOT NULL,
	cPassword varchar(50) NOT NULL,
	cName varchar(50),
	cAddress varchar(50),
	PRIMARY KEY(cid),
	UNIQUE(cUsername)
);
grant select on Customer to public;


CREATE TABLE Store2 (
	sid int,
	smid int NOT NULL UNIQUE,
	sName varchar(50) NOT NULL UNIQUE,
	sAddress varchar(50) NOT NULL,
	PRIMARY KEY (sid),
	FOREIGN KEY (smid) REFERENCES StoreManager ON DELETE CASCADE
);
grant select on Store2 to public;

CREATE TABLE Store1(
	sName varchar(50),
	sPopularItem int,
  PRIMARY KEY(sName),
	FOREIGN KEY (sName) REFERENCES Store2(sName) ON DELETE CASCADE
);
grant select on Store1 to public;


CREATE TABLE MessageSendsAndReceives (
	mid int,
	sid int NOT NULL,
	cid int NOT NULL,
	subject varchar(50),
	content varchar(50),
	mTime int NOT NULL,
	PRIMARY KEY (mid, sid, cid),
	FOREIGN KEY (sid) REFERENCES Store2 ON DELETE CASCADE,
	FOREIGN KEY (cid) REFERENCES Customer ON DELETE CASCADE
);
grant select on MessageSendsAndReceives to public;


CREATE TABLE FoodItemOffers2 (
	fid int,
	sid int,
	title varchar(50) NOT NULL,
	PRIMARY KEY (fid),
	UNIQUE(title),
	FOREIGN KEY (sid) REFERENCES Store2 ON DELETE CASCADE
);
grant select on FoodItemOffers2 to public;

CREATE TABLE FoodItemOffers1(
	title varchar(50),
	description varchar(50),
	PRIMARY KEY (title),
	FOREIGN KEY (title) REFERENCES FoodItemOffers2(title) ON DELETE CASCADE
);
grant select on FoodItemOffers1 to public;


CREATE TABLE OrderFullfillsAndPlaces (
	oid int,
	sid int NOT NULL,
	cid int NOT NULL,
	oTime int,
	PRIMARY KEY (oid),
	FOREIGN KEY (sid) REFERENCES Store2 ON DELETE CASCADE,
	FOREIGN KEY (cid) REFERENCES Customer ON DELETE CASCADE
);
grant select on OrderFullfillsAndPlaces to public;

CREATE TABLE Contains (
	oid int,
	fid int,
	PRIMARY KEY (oid, fid),
	FOREIGN KEY (oid) REFERENCES OrderFullfillsAndPlaces ON DELETE CASCADE,
	FOREIGN KEY (fid) REFERENCES FoodItemOffers2 ON DELETE CASCADE
);
grant select on Contains to public;



/* Insert 35 Stores, 100 Customers */
INSERT INTO StoreManager VALUES (719456,'Robyn4271','1303Roy','Robyn Roy','400 Arbutus Avenue');
INSERT INTO Store2 VALUES (708628,719456,'The Amazing Pub','168 Mainland Cr');
INSERT INTO Store1 VALUES ('The Amazing Pub',568503);
INSERT INTO FoodItemOffers2 VALUES (568503,708628,'Chubby Burger');
INSERT INTO FoodItemOffers1 VALUES ('Chubby Burger','The tastiest Burger possible');
INSERT INTO FoodItemOffers2 VALUES (607493,708628,'Delicious Taco');
INSERT INTO FoodItemOffers1 VALUES ('Delicious Taco','The tastiest Taco possible');
INSERT INTO FoodItemOffers2 VALUES (308588,708628,'Chubby Bagel');
INSERT INTO FoodItemOffers1 VALUES ('Chubby Bagel','The tastiest Bagel possible');
INSERT INTO StoreManager VALUES (874231,'Barbara3005','5638Yuki','Barbara Yuki','345 Pacific Cr');
INSERT INTO Store2 VALUES (403213,874231,'The Magnificent Sandwichery','517 Main St');
INSERT INTO Store1 VALUES ('The Magnificent Sandwichery',803266);
INSERT INTO FoodItemOffers2 VALUES (803266,403213,'Enjoyable Burrito');
INSERT INTO FoodItemOffers1 VALUES ('Enjoyable Burrito','The tastiest Burrito possible');
INSERT INTO FoodItemOffers2 VALUES (165323,403213,'Healthy Calzone');
INSERT INTO FoodItemOffers1 VALUES ('Healthy Calzone','The tastiest Calzone possible');
INSERT INTO FoodItemOffers2 VALUES (196050,403213,'Black Bagel');
INSERT INTO FoodItemOffers1 VALUES ('Black Bagel','The tastiest Bagel possible');
INSERT INTO StoreManager VALUES (965315,'Anderson1509','3032Horton','Anderson Horton','792 Alma Gardens');
INSERT INTO Store2 VALUES (563613,965315,'The Red Sandwichery','246 Highland Creek');
INSERT INTO Store1 VALUES ('The Red Sandwichery',766075);
INSERT INTO FoodItemOffers2 VALUES (766075,563613,'Dazzling Meatballs');
INSERT INTO FoodItemOffers1 VALUES ('Dazzling Meatballs','The tastiest Meatballs possible');
INSERT INTO FoodItemOffers2 VALUES (921057,563613,'Magical Sandwich');
INSERT INTO FoodItemOffers1 VALUES ('Magical Sandwich','The tastiest Sandwich possible');
INSERT INTO StoreManager VALUES (799720,'Winnie5531','7253Nicki','Winnie Nicki','322 Highland Junction');
INSERT INTO Store2 VALUES (601330,799720,'The Natural Brasserie','228 Davie Cr');
INSERT INTO Store1 VALUES ('The Natural Brasserie',359737);
INSERT INTO FoodItemOffers2 VALUES (359737,601330,'Chubby Cake');
INSERT INTO FoodItemOffers1 VALUES ('Chubby Cake','The tastiest Cake possible');
INSERT INTO FoodItemOffers2 VALUES (317642,601330,'Hot Cake');
INSERT INTO FoodItemOffers1 VALUES ('Hot Cake','The tastiest Cake possible');
INSERT INTO FoodItemOffers2 VALUES (451030,601330,'Healthy Taco');
INSERT INTO FoodItemOffers1 VALUES ('Healthy Taco','The tastiest Taco possible');
INSERT INTO FoodItemOffers2 VALUES (928677,601330,'Cold Calzone');
INSERT INTO FoodItemOffers1 VALUES ('Cold Calzone','The tastiest Calzone possible');
INSERT INTO FoodItemOffers2 VALUES (191063,601330,'Dazzling Sushi');
INSERT INTO FoodItemOffers1 VALUES ('Dazzling Sushi','The tastiest Sushi possible');
INSERT INTO FoodItemOffers2 VALUES (844974,601330,'Toasted Burger');
INSERT INTO FoodItemOffers1 VALUES ('Toasted Burger','The tastiest Burger possible');
INSERT INTO FoodItemOffers2 VALUES (838049,601330,'Icy Salad');
INSERT INTO FoodItemOffers1 VALUES ('Icy Salad','The tastiest Salad possible');
INSERT INTO StoreManager VALUES (949234,'Alan9735','5989Timothy','Alan Timothy','257 Highland Alley');
INSERT INTO Store2 VALUES (280042,949234,'The Wonderful Taco City','453 Gibbins Creek');
INSERT INTO Store1 VALUES ('The Wonderful Taco City',622764);
INSERT INTO FoodItemOffers2 VALUES (622764,280042,'Toasted Cake');
INSERT INTO FoodItemOffers1 VALUES ('Toasted Cake','The tastiest Cake possible');
INSERT INTO StoreManager VALUES (141226,'Maria8363','7279William','Maria William','253 Cambie Grove');
INSERT INTO Store2 VALUES (80358,141226,'The Attractive Taco City','996 Highland Canyon');
INSERT INTO Store1 VALUES ('The Attractive Taco City',970339);
INSERT INTO FoodItemOffers2 VALUES (970339,80358,'Enjoyable Taco');
INSERT INTO FoodItemOffers1 VALUES ('Enjoyable Taco','The tastiest Taco possible');
INSERT INTO FoodItemOffers2 VALUES (343775,80358,'Delicious Cake');
INSERT INTO FoodItemOffers1 VALUES ('Delicious Cake','The tastiest Cake possible');
INSERT INTO FoodItemOffers2 VALUES (384695,80358,'Attractive Pasta');
INSERT INTO FoodItemOffers1 VALUES ('Attractive Pasta','The tastiest Pasta possible');
INSERT INTO StoreManager VALUES (671947,'Dan1284','6766Kyra','Dan Kyra','810 Mainland Center');
INSERT INTO Store2 VALUES (932273,671947,'The Best Pancake House','724 Pacific Terrace');
INSERT INTO Store1 VALUES ('The Best Pancake House',811791);
INSERT INTO FoodItemOffers2 VALUES (811791,932273,'Black Pasta');
INSERT INTO FoodItemOffers1 VALUES ('Black Pasta','The tastiest Pasta possible');
INSERT INTO FoodItemOffers2 VALUES (930555,932273,'Fresh Meatballs');
INSERT INTO FoodItemOffers1 VALUES ('Fresh Meatballs','The tastiest Meatballs possible');
INSERT INTO FoodItemOffers2 VALUES (715983,932273,'Amazing Burger');
INSERT INTO FoodItemOffers1 VALUES ('Amazing Burger','The tastiest Burger possible');
INSERT INTO FoodItemOffers2 VALUES (309998,932273,'Toasted Chicken Strips');
INSERT INTO FoodItemOffers1 VALUES ('Toasted Chicken Strips','The tastiest Chicken Strips possible');
INSERT INTO FoodItemOffers2 VALUES (731507,932273,'Soft Taco');
INSERT INTO FoodItemOffers1 VALUES ('Soft Taco','The tastiest Taco possible');
INSERT INTO FoodItemOffers2 VALUES (301012,932273,'Chubby Pasta');
INSERT INTO FoodItemOffers1 VALUES ('Chubby Pasta','The tastiest Pasta possible');
INSERT INTO FoodItemOffers2 VALUES (958299,932273,'Soft Burger');
INSERT INTO FoodItemOffers1 VALUES ('Soft Burger','The tastiest Burger possible');
INSERT INTO StoreManager VALUES (783309,'Kim1263','6098John','Kim John','201 Cambie Place');
INSERT INTO Store2 VALUES (902078,783309,'The Plump Tavern','583 Marine Grove');
INSERT INTO Store1 VALUES ('The Plump Tavern',70621);
INSERT INTO FoodItemOffers2 VALUES (70621,902078,'Best Curry');
INSERT INTO FoodItemOffers1 VALUES ('Best Curry','The tastiest Curry possible');
INSERT INTO FoodItemOffers2 VALUES (943562,902078,'Amazing Sandwich');
INSERT INTO FoodItemOffers1 VALUES ('Amazing Sandwich','The tastiest Sandwich possible');
INSERT INTO StoreManager VALUES (781323,'Whitney1266','5385Taylor','Whitney Taylor','102 Gibbins Avenue');
INSERT INTO Store2 VALUES (625918,781323,'The Enjoyable Dive Bar','869 Discovery Center');
INSERT INTO Store1 VALUES ('The Enjoyable Dive Bar',448294);
INSERT INTO FoodItemOffers2 VALUES (448294,625918,'Healthy Meatballs');
INSERT INTO FoodItemOffers1 VALUES ('Healthy Meatballs','The tastiest Meatballs possible');
INSERT INTO FoodItemOffers2 VALUES (911253,625918,'Succulent Burrito');
INSERT INTO FoodItemOffers1 VALUES ('Succulent Burrito','The tastiest Burrito possible');
INSERT INTO FoodItemOffers2 VALUES (755533,625918,'Plump Curry');
INSERT INTO FoodItemOffers1 VALUES ('Plump Curry','The tastiest Curry possible');
INSERT INTO FoodItemOffers2 VALUES (666760,625918,'Best Chicken Strips');
INSERT INTO FoodItemOffers1 VALUES ('Best Chicken Strips','The tastiest Chicken Strips possible');
INSERT INTO FoodItemOffers2 VALUES (947074,625918,'Hot Fries');
INSERT INTO FoodItemOffers1 VALUES ('Hot Fries','The tastiest Fries possible');
INSERT INTO FoodItemOffers2 VALUES (278246,625918,'Traditional Sandwich');
INSERT INTO FoodItemOffers1 VALUES ('Traditional Sandwich','The tastiest Sandwich possible');
INSERT INTO FoodItemOffers2 VALUES (864958,625918,'Soft Pasta');
INSERT INTO FoodItemOffers1 VALUES ('Soft Pasta','The tastiest Pasta possible');
INSERT INTO StoreManager VALUES (422598,'Robert2255','9971Kyle','Robert Kyle','920 Arbutus Dr');
INSERT INTO Store2 VALUES (37334,422598,'The Plump Barbecue','933 Beach Gardens');
INSERT INTO Store1 VALUES ('The Plump Barbecue',918657);
INSERT INTO FoodItemOffers2 VALUES (918657,37334,'Toasted Calzone');
INSERT INTO FoodItemOffers1 VALUES ('Toasted Calzone','The tastiest Calzone possible');
INSERT INTO StoreManager VALUES (653644,'Jan7990','946Anderson','Jan Anderson','937 Pender Place');
INSERT INTO Store2 VALUES (567194,653644,'The Traditional Barbecue','635 Thurlow Lane');
INSERT INTO Store1 VALUES ('The Traditional Barbecue',275850);
INSERT INTO FoodItemOffers2 VALUES (275850,567194,'Hot Burger');
INSERT INTO FoodItemOffers1 VALUES ('Hot Burger','The tastiest Burger possible');
INSERT INTO FoodItemOffers2 VALUES (443925,567194,'Amazing Chicken Strips');
INSERT INTO FoodItemOffers1 VALUES ('Amazing Chicken Strips','The tastiest Chicken Strips possible');
INSERT INTO FoodItemOffers2 VALUES (408735,567194,'Cold Coffee');
INSERT INTO FoodItemOffers1 VALUES ('Cold Coffee','The tastiest Coffee possible');
INSERT INTO StoreManager VALUES (232234,'Elon8542','7351Bill','Elon Bill','598 Marine Cr');
INSERT INTO Store2 VALUES (59320,232234,'The Black Patisserie','18 Cambie Alley');
INSERT INTO Store1 VALUES ('The Black Patisserie',761220);
INSERT INTO FoodItemOffers2 VALUES (761220,59320,'Fresh Chicken Strips');
INSERT INTO FoodItemOffers1 VALUES ('Fresh Chicken Strips','The tastiest Chicken Strips possible');
INSERT INTO FoodItemOffers2 VALUES (347419,59320,'Healthy Bagel');
INSERT INTO FoodItemOffers1 VALUES ('Healthy Bagel','The tastiest Bagel possible');
INSERT INTO FoodItemOffers2 VALUES (447752,59320,'Spicy Calzone');
INSERT INTO FoodItemOffers1 VALUES ('Spicy Calzone','The tastiest Calzone possible');
INSERT INTO FoodItemOffers2 VALUES (991495,59320,'Black Coffee');
INSERT INTO FoodItemOffers1 VALUES ('Black Coffee','The tastiest Coffee possible');
INSERT INTO FoodItemOffers2 VALUES (775411,59320,'Mysterious Chicken Strips');
INSERT INTO FoodItemOffers1 VALUES ('Mysterious Chicken Strips','The tastiest Chicken Strips possible');
INSERT INTO FoodItemOffers2 VALUES (770612,59320,'Enjoyable Chicken Strips');
INSERT INTO FoodItemOffers1 VALUES ('Enjoyable Chicken Strips','The tastiest Chicken Strips possible');
INSERT INTO FoodItemOffers2 VALUES (90675,59320,'Succulent Sandwich');
INSERT INTO FoodItemOffers1 VALUES ('Succulent Sandwich','The tastiest Sandwich possible');
INSERT INTO FoodItemOffers2 VALUES (504447,59320,'Enjoyable Pulled Pork Sandwich');
INSERT INTO FoodItemOffers1 VALUES ('Enjoyable Pulled Pork Sandwich','The tastiest Pulled Pork Sandwich possible');
INSERT INTO FoodItemOffers2 VALUES (173385,59320,'Spicy Coffee');
INSERT INTO FoodItemOffers1 VALUES ('Spicy Coffee','The tastiest Coffee possible');
INSERT INTO StoreManager VALUES (872937,'Anderson6603','8553Kelly','Anderson Kelly','177 Beach Avenue');
INSERT INTO Store2 VALUES (462872,872937,'The Cold Buffet','391 Marine Center');
INSERT INTO Store1 VALUES ('The Cold Buffet',745470);
INSERT INTO FoodItemOffers2 VALUES (745470,462872,'Mysterious Taco');
INSERT INTO FoodItemOffers1 VALUES ('Mysterious Taco','The tastiest Taco possible');
INSERT INTO FoodItemOffers2 VALUES (505651,462872,'Red Salad');
INSERT INTO FoodItemOffers1 VALUES ('Red Salad','The tastiest Salad possible');
INSERT INTO FoodItemOffers2 VALUES (955604,462872,'Fresh Pasta');
INSERT INTO FoodItemOffers1 VALUES ('Fresh Pasta','The tastiest Pasta possible');
INSERT INTO FoodItemOffers2 VALUES (700935,462872,'Delicious Burrito');
INSERT INTO FoodItemOffers1 VALUES ('Delicious Burrito','The tastiest Burrito possible');
INSERT INTO StoreManager VALUES (123086,'Dan1422','8404Robert','Dan Robert','312 Highland Alley');
INSERT INTO Store2 VALUES (184813,123086,'The Natural Creamery','535 Thurlow St');
INSERT INTO Store1 VALUES ('The Natural Creamery',714143);
INSERT INTO FoodItemOffers2 VALUES (714143,184813,'Wonderful Bagel');
INSERT INTO FoodItemOffers1 VALUES ('Wonderful Bagel','The tastiest Bagel possible');
INSERT INTO FoodItemOffers2 VALUES (127300,184813,'Magical Chicken Strips');
INSERT INTO FoodItemOffers1 VALUES ('Magical Chicken Strips','The tastiest Chicken Strips possible');
INSERT INTO FoodItemOffers2 VALUES (675547,184813,'Black Ice Cream');
INSERT INTO FoodItemOffers1 VALUES ('Black Ice Cream','The tastiest Ice Cream possible');
INSERT INTO StoreManager VALUES (947414,'Wong8766','5457Chris','Wong Chris','633 Thurlow Center');
INSERT INTO Store2 VALUES (909060,947414,'The Jolly Tavern','39 Pender Creek');
INSERT INTO Store1 VALUES ('The Jolly Tavern',650100);
INSERT INTO FoodItemOffers2 VALUES (650100,909060,'Cold Pasta');
INSERT INTO FoodItemOffers1 VALUES ('Cold Pasta','The tastiest Pasta possible');
INSERT INTO FoodItemOffers2 VALUES (513161,909060,'Enjoyable Coffee');
INSERT INTO FoodItemOffers1 VALUES ('Enjoyable Coffee','The tastiest Coffee possible');
INSERT INTO FoodItemOffers2 VALUES (733711,909060,'Magical Salad');
INSERT INTO FoodItemOffers1 VALUES ('Magical Salad','The tastiest Salad possible');
INSERT INTO StoreManager VALUES (742498,'Violet3217','6701Barbara','Violet Barbara','521 Davie Cr');
INSERT INTO Store2 VALUES (584775,742498,'The Beautiful Creamery','896 Blanca Heights');
INSERT INTO Store1 VALUES ('The Beautiful Creamery',617813);
INSERT INTO FoodItemOffers2 VALUES (617813,584775,'Fresh Salad');
INSERT INTO FoodItemOffers1 VALUES ('Fresh Salad','The tastiest Salad possible');
INSERT INTO FoodItemOffers2 VALUES (130373,584775,'Fresh Pulled Pork Sandwich');
INSERT INTO FoodItemOffers1 VALUES ('Fresh Pulled Pork Sandwich','The tastiest Pulled Pork Sandwich possible');
INSERT INTO FoodItemOffers2 VALUES (411789,584775,'Hot Sushi');
INSERT INTO FoodItemOffers1 VALUES ('Hot Sushi','The tastiest Sushi possible');
INSERT INTO FoodItemOffers2 VALUES (746045,584775,'Soft Ice Cream');
INSERT INTO FoodItemOffers1 VALUES ('Soft Ice Cream','The tastiest Ice Cream possible');
INSERT INTO StoreManager VALUES (391219,'Drake2565','2523Smith','Drake Smith','621 Trafalgar Center');
INSERT INTO Store2 VALUES (809402,391219,'The Cold Patisserie','422 Eastdown Alley');
INSERT INTO Store1 VALUES ('The Cold Patisserie',185122);
INSERT INTO FoodItemOffers2 VALUES (185122,809402,'Toasted Sushi');
INSERT INTO FoodItemOffers1 VALUES ('Toasted Sushi','The tastiest Sushi possible');
INSERT INTO FoodItemOffers2 VALUES (367274,809402,'Beautiful Meatballs');
INSERT INTO FoodItemOffers1 VALUES ('Beautiful Meatballs','The tastiest Meatballs possible');
INSERT INTO FoodItemOffers2 VALUES (609884,809402,'Cold Meatballs');
INSERT INTO FoodItemOffers1 VALUES ('Cold Meatballs','The tastiest Meatballs possible');
INSERT INTO FoodItemOffers2 VALUES (395692,809402,'Healthy Cake');
INSERT INTO FoodItemOffers1 VALUES ('Healthy Cake','The tastiest Cake possible');
INSERT INTO FoodItemOffers2 VALUES (911665,809402,'Fresh Sandwich');
INSERT INTO FoodItemOffers1 VALUES ('Fresh Sandwich','The tastiest Sandwich possible');
INSERT INTO FoodItemOffers2 VALUES (649360,809402,'Attractive Sandwich');
INSERT INTO FoodItemOffers1 VALUES ('Attractive Sandwich','The tastiest Sandwich possible');
INSERT INTO FoodItemOffers2 VALUES (842046,809402,'Soft Curry');
INSERT INTO FoodItemOffers1 VALUES ('Soft Curry','The tastiest Curry possible');
INSERT INTO FoodItemOffers2 VALUES (579284,809402,'Jolly Chicken Strips');
INSERT INTO FoodItemOffers1 VALUES ('Jolly Chicken Strips','The tastiest Chicken Strips possible');
INSERT INTO StoreManager VALUES (478711,'Robyn7321','1293Bob','Robyn Bob','996 Marine Square');
INSERT INTO Store2 VALUES (130323,478711,'The Delicious Patisserie','256 Sasamat Hill');
INSERT INTO Store1 VALUES ('The Delicious Patisserie',973298);
INSERT INTO FoodItemOffers2 VALUES (973298,130323,'Spicy Ice Cream');
INSERT INTO FoodItemOffers1 VALUES ('Spicy Ice Cream','The tastiest Ice Cream possible');
INSERT INTO FoodItemOffers2 VALUES (653556,130323,'Soft Coffee');
INSERT INTO FoodItemOffers1 VALUES ('Soft Coffee','The tastiest Coffee possible');
INSERT INTO FoodItemOffers2 VALUES (608349,130323,'Attractive Taco');
INSERT INTO FoodItemOffers1 VALUES ('Attractive Taco','The tastiest Taco possible');
INSERT INTO FoodItemOffers2 VALUES (52700,130323,'Magical Burrito');
INSERT INTO FoodItemOffers1 VALUES ('Magical Burrito','The tastiest Burrito possible');
INSERT INTO FoodItemOffers2 VALUES (43154,130323,'Fresh Calzone');
INSERT INTO FoodItemOffers1 VALUES ('Fresh Calzone','The tastiest Calzone possible');
INSERT INTO FoodItemOffers2 VALUES (174034,130323,'Succulent Sushi');
INSERT INTO FoodItemOffers1 VALUES ('Succulent Sushi','The tastiest Sushi possible');
INSERT INTO StoreManager VALUES (922097,'Chris5639','9168Nicki','Chris Nicki','929 Eastdown Bouleletd');
INSERT INTO Store2 VALUES (573223,922097,'The Enjoyable Buffet','37 Davie Heights');
INSERT INTO Store1 VALUES ('The Enjoyable Buffet',951323);
INSERT INTO FoodItemOffers2 VALUES (951323,573223,'Attractive Ice Cream');
INSERT INTO FoodItemOffers1 VALUES ('Attractive Ice Cream','The tastiest Ice Cream possible');
INSERT INTO FoodItemOffers2 VALUES (584966,573223,'Wonderful Salad');
INSERT INTO FoodItemOffers1 VALUES ('Wonderful Salad','The tastiest Salad possible');
INSERT INTO FoodItemOffers2 VALUES (96674,573223,'Dazzling Burger');
INSERT INTO FoodItemOffers1 VALUES ('Dazzling Burger','The tastiest Burger possible');
INSERT INTO FoodItemOffers2 VALUES (835770,573223,'Spicy Taco');
INSERT INTO FoodItemOffers1 VALUES ('Spicy Taco','The tastiest Taco possible');
INSERT INTO FoodItemOffers2 VALUES (377846,573223,'Healthy Ice Cream');
INSERT INTO FoodItemOffers1 VALUES ('Healthy Ice Cream','The tastiest Ice Cream possible');
INSERT INTO FoodItemOffers2 VALUES (315892,573223,'Black Curry');
INSERT INTO FoodItemOffers1 VALUES ('Black Curry','The tastiest Curry possible');
INSERT INTO FoodItemOffers2 VALUES (256773,573223,'Delicious Calzone');
INSERT INTO FoodItemOffers1 VALUES ('Delicious Calzone','The tastiest Calzone possible');
INSERT INTO FoodItemOffers2 VALUES (754649,573223,'Enjoyable Pasta');
INSERT INTO FoodItemOffers1 VALUES ('Enjoyable Pasta','The tastiest Pasta possible');
INSERT INTO StoreManager VALUES (477873,'Cohen7597','4966Izuku','Cohen Izuku','992 Davie Canyon');
INSERT INTO Store2 VALUES (62129,477873,'The Amazing Pancake House','654 Arbutus Canyon');
INSERT INTO Store1 VALUES ('The Amazing Pancake House',211596);
INSERT INTO FoodItemOffers2 VALUES (211596,62129,'Traditional Burrito');
INSERT INTO FoodItemOffers1 VALUES ('Traditional Burrito','The tastiest Burrito possible');
INSERT INTO StoreManager VALUES (465244,'Beckett9175','8897Davis','Beckett Davis','492 Granville Junction');
INSERT INTO Store2 VALUES (804551,465244,'The Toasted Tavern','99 Cambie St');
INSERT INTO Store1 VALUES ('The Toasted Tavern',743729);
INSERT INTO FoodItemOffers2 VALUES (743729,804551,'Icy Taco');
INSERT INTO FoodItemOffers1 VALUES ('Icy Taco','The tastiest Taco possible');
INSERT INTO FoodItemOffers2 VALUES (808778,804551,'Toasted Pasta');
INSERT INTO FoodItemOffers1 VALUES ('Toasted Pasta','The tastiest Pasta possible');
INSERT INTO FoodItemOffers2 VALUES (852137,804551,'Soft Calzone');
INSERT INTO FoodItemOffers1 VALUES ('Soft Calzone','The tastiest Calzone possible');
INSERT INTO FoodItemOffers2 VALUES (774831,804551,'Jolly Pulled Pork Sandwich');
INSERT INTO FoodItemOffers1 VALUES ('Jolly Pulled Pork Sandwich','The tastiest Pulled Pork Sandwich possible');
INSERT INTO FoodItemOffers2 VALUES (143476,804551,'Wonderful Curry');
INSERT INTO FoodItemOffers1 VALUES ('Wonderful Curry','The tastiest Curry possible');
INSERT INTO FoodItemOffers2 VALUES (55169,804551,'Spicy Sushi');
INSERT INTO FoodItemOffers1 VALUES ('Spicy Sushi','The tastiest Sushi possible');
INSERT INTO StoreManager VALUES (135096,'David275','462William','David William','177 Eastdown Canyon');
INSERT INTO Store2 VALUES (354510,135096,'The Icy Pancake House','128 Pacific Junction');
INSERT INTO Store1 VALUES ('The Icy Pancake House',87778);
INSERT INTO FoodItemOffers2 VALUES (87778,354510,'Wonderful Sandwich');
INSERT INTO FoodItemOffers1 VALUES ('Wonderful Sandwich','The tastiest Sandwich possible');
INSERT INTO FoodItemOffers2 VALUES (51755,354510,'Magnificent Pasta');
INSERT INTO FoodItemOffers1 VALUES ('Magnificent Pasta','The tastiest Pasta possible');
INSERT INTO FoodItemOffers2 VALUES (273239,354510,'Spicy Cake');
INSERT INTO FoodItemOffers1 VALUES ('Spicy Cake','The tastiest Cake possible');
INSERT INTO FoodItemOffers2 VALUES (347034,354510,'Jolly Cake');
INSERT INTO FoodItemOffers1 VALUES ('Jolly Cake','The tastiest Cake possible');
INSERT INTO FoodItemOffers2 VALUES (864051,354510,'Jolly Salad');
INSERT INTO FoodItemOffers1 VALUES ('Jolly Salad','The tastiest Salad possible');
INSERT INTO FoodItemOffers2 VALUES (678241,354510,'Traditional Coffee');
INSERT INTO FoodItemOffers1 VALUES ('Traditional Coffee','The tastiest Coffee possible');
INSERT INTO FoodItemOffers2 VALUES (689278,354510,'Plump Meatballs');
INSERT INTO FoodItemOffers1 VALUES ('Plump Meatballs','The tastiest Meatballs possible');
INSERT INTO StoreManager VALUES (552720,'Kyle4729','8431Emily','Kyle Emily','274 Beach Avenue');
INSERT INTO Store2 VALUES (981424,552720,'The Soft Creamery','398 Blanca Dr');
INSERT INTO Store1 VALUES ('The Soft Creamery',441268);
INSERT INTO FoodItemOffers2 VALUES (441268,981424,'Best Pasta');
INSERT INTO FoodItemOffers1 VALUES ('Best Pasta','The tastiest Pasta possible');
INSERT INTO FoodItemOffers2 VALUES (832110,981424,'Traditional Meatballs');
INSERT INTO FoodItemOffers1 VALUES ('Traditional Meatballs','The tastiest Meatballs possible');
INSERT INTO FoodItemOffers2 VALUES (86965,981424,'Best Sandwich');
INSERT INTO FoodItemOffers1 VALUES ('Best Sandwich','The tastiest Sandwich possible');
INSERT INTO StoreManager VALUES (458803,'Ross3532','5593Drake','Ross Drake','351 Highland Center');
INSERT INTO Store2 VALUES (662157,458803,'The Magical Cafe','954 Beach Cr');
INSERT INTO Store1 VALUES ('The Magical Cafe',297622);
INSERT INTO FoodItemOffers2 VALUES (297622,662157,'Toasted Meatballs');
INSERT INTO FoodItemOffers1 VALUES ('Toasted Meatballs','The tastiest Meatballs possible');
INSERT INTO FoodItemOffers2 VALUES (130628,662157,'Jolly Milkshake');
INSERT INTO FoodItemOffers1 VALUES ('Jolly Milkshake','The tastiest Milkshake possible');
INSERT INTO StoreManager VALUES (241509,'Harrison8365','3580Glenn','Harrison Glenn','76 Main Terrace');
INSERT INTO Store2 VALUES (808574,241509,'The Enjoyable Barbecue','189 Broadway Junction');
INSERT INTO Store1 VALUES ('The Enjoyable Barbecue',939092);
INSERT INTO FoodItemOffers2 VALUES (939092,808574,'Mysterious Salad');
INSERT INTO FoodItemOffers1 VALUES ('Mysterious Salad','The tastiest Salad possible');
INSERT INTO FoodItemOffers2 VALUES (268508,808574,'Traditional Salad');
INSERT INTO FoodItemOffers1 VALUES ('Traditional Salad','The tastiest Salad possible');
INSERT INTO FoodItemOffers2 VALUES (894201,808574,'Magnificent Calzone');
INSERT INTO FoodItemOffers1 VALUES ('Magnificent Calzone','The tastiest Calzone possible');
INSERT INTO FoodItemOffers2 VALUES (607775,808574,'Chubby Taco');
INSERT INTO FoodItemOffers1 VALUES ('Chubby Taco','The tastiest Taco possible');
INSERT INTO FoodItemOffers2 VALUES (312513,808574,'Magnificent Coffee');
INSERT INTO FoodItemOffers1 VALUES ('Magnificent Coffee','The tastiest Coffee possible');
INSERT INTO FoodItemOffers2 VALUES (711551,808574,'Wonderful Burger');
INSERT INTO FoodItemOffers1 VALUES ('Wonderful Burger','The tastiest Burger possible');
INSERT INTO FoodItemOffers2 VALUES (935495,808574,'Attractive Pulled Pork Sandwich');
INSERT INTO FoodItemOffers1 VALUES ('Attractive Pulled Pork Sandwich','The tastiest Pulled Pork Sandwich possible');
INSERT INTO StoreManager VALUES (96357,'Cindy6658','4822Lincoln','Cindy Lincoln','295 Broadway Alley');
INSERT INTO Store2 VALUES (921832,96357,'The Soft Sandwichery','205 Main Dr');
INSERT INTO Store1 VALUES ('The Soft Sandwichery',407609);
INSERT INTO FoodItemOffers2 VALUES (407609,921832,'Traditional Sushi');
INSERT INTO FoodItemOffers1 VALUES ('Traditional Sushi','The tastiest Sushi possible');
INSERT INTO FoodItemOffers2 VALUES (485291,921832,'Amazing Salad');
INSERT INTO FoodItemOffers1 VALUES ('Amazing Salad','The tastiest Salad possible');
INSERT INTO FoodItemOffers2 VALUES (152865,921832,'Dazzling Taco');
INSERT INTO FoodItemOffers1 VALUES ('Dazzling Taco','The tastiest Taco possible');
INSERT INTO FoodItemOffers2 VALUES (230117,921832,'Dazzling Cake');
INSERT INTO FoodItemOffers1 VALUES ('Dazzling Cake','The tastiest Cake possible');
INSERT INTO FoodItemOffers2 VALUES (999626,921832,'Dazzling Curry');
INSERT INTO FoodItemOffers1 VALUES ('Dazzling Curry','The tastiest Curry possible');
INSERT INTO StoreManager VALUES (546452,'Faye7632','8652David','Faye David','274 Eastdown Lane');
INSERT INTO Store2 VALUES (408650,546452,'The Magical Pizzeria','545 Pacific Junction');
INSERT INTO Store1 VALUES ('The Magical Pizzeria',798840);
INSERT INTO FoodItemOffers2 VALUES (798840,408650,'Delicious Meatballs');
INSERT INTO FoodItemOffers1 VALUES ('Delicious Meatballs','The tastiest Meatballs possible');
INSERT INTO FoodItemOffers2 VALUES (326759,408650,'Succulent Salad');
INSERT INTO FoodItemOffers1 VALUES ('Succulent Salad','The tastiest Salad possible');
INSERT INTO FoodItemOffers2 VALUES (261561,408650,'Hot Taco');
INSERT INTO FoodItemOffers1 VALUES ('Hot Taco','The tastiest Taco possible');
INSERT INTO FoodItemOffers2 VALUES (115845,408650,'Black Chicken Strips');
INSERT INTO FoodItemOffers1 VALUES ('Black Chicken Strips','The tastiest Chicken Strips possible');
INSERT INTO FoodItemOffers2 VALUES (356805,408650,'Wonderful Fries');
INSERT INTO FoodItemOffers1 VALUES ('Wonderful Fries','The tastiest Fries possible');
INSERT INTO FoodItemOffers2 VALUES (393481,408650,'Wonderful Chicken Strips');
INSERT INTO FoodItemOffers1 VALUES ('Wonderful Chicken Strips','The tastiest Chicken Strips possible');
INSERT INTO FoodItemOffers2 VALUES (561441,408650,'Magnificent Pulled Pork Sandwich');
INSERT INTO FoodItemOffers1 VALUES ('Magnificent Pulled Pork Sandwich','The tastiest Pulled Pork Sandwich possible');
INSERT INTO StoreManager VALUES (173745,'Bill9546','1362Carleton','Bill Carleton','376 Marine Cr');
INSERT INTO Store2 VALUES (438254,173745,'The Succulent Buffet','637 Carmel Grove');
INSERT INTO Store1 VALUES ('The Succulent Buffet',358964);
INSERT INTO FoodItemOffers2 VALUES (358964,438254,'Beautiful Fries');
INSERT INTO FoodItemOffers1 VALUES ('Beautiful Fries','The tastiest Fries possible');
INSERT INTO FoodItemOffers2 VALUES (946471,438254,'Delicious Coffee');
INSERT INTO FoodItemOffers1 VALUES ('Delicious Coffee','The tastiest Coffee possible');
INSERT INTO StoreManager VALUES (981382,'Mary9722','4239Davis','Mary Davis','180 Burrard St');
INSERT INTO Store2 VALUES (82861,981382,'The Black Pancake House','300 Sasamat Way');
INSERT INTO Store1 VALUES ('The Black Pancake House',532153);
INSERT INTO FoodItemOffers2 VALUES (532153,82861,'Fresh Cake');
INSERT INTO FoodItemOffers1 VALUES ('Fresh Cake','The tastiest Cake possible');
INSERT INTO FoodItemOffers2 VALUES (408749,82861,'Red Ice Cream');
INSERT INTO FoodItemOffers1 VALUES ('Red Ice Cream','The tastiest Ice Cream possible');
INSERT INTO FoodItemOffers2 VALUES (580378,82861,'Black Pulled Pork Sandwich');
INSERT INTO FoodItemOffers1 VALUES ('Black Pulled Pork Sandwich','The tastiest Pulled Pork Sandwich possible');
INSERT INTO FoodItemOffers2 VALUES (985411,82861,'Beautiful Milkshake');
INSERT INTO FoodItemOffers1 VALUES ('Beautiful Milkshake','The tastiest Milkshake possible');
INSERT INTO FoodItemOffers2 VALUES (805335,82861,'Enjoyable Sushi');
INSERT INTO FoodItemOffers1 VALUES ('Enjoyable Sushi','The tastiest Sushi possible');
INSERT INTO FoodItemOffers2 VALUES (229721,82861,'Icy Fries');
INSERT INTO FoodItemOffers1 VALUES ('Icy Fries','The tastiest Fries possible');
INSERT INTO FoodItemOffers2 VALUES (995630,82861,'Healthy Chicken Strips');
INSERT INTO FoodItemOffers1 VALUES ('Healthy Chicken Strips','The tastiest Chicken Strips possible');
INSERT INTO FoodItemOffers2 VALUES (46590,82861,'Icy Chicken Strips');
INSERT INTO FoodItemOffers1 VALUES ('Icy Chicken Strips','The tastiest Chicken Strips possible');
INSERT INTO FoodItemOffers2 VALUES (556601,82861,'Hot Calzone');
INSERT INTO FoodItemOffers1 VALUES ('Hot Calzone','The tastiest Calzone possible');
INSERT INTO StoreManager VALUES (320812,'Sebastian2456','5941Yuki','Sebastian Yuki','422 Sasamat Junction');
INSERT INTO Store2 VALUES (883881,320812,'The Chubby Tavern','969 Beach Center');
INSERT INTO Store1 VALUES ('The Chubby Tavern',235732);
INSERT INTO FoodItemOffers2 VALUES (235732,883881,'Fresh Burger');
INSERT INTO FoodItemOffers1 VALUES ('Fresh Burger','The tastiest Burger possible');
INSERT INTO FoodItemOffers2 VALUES (804516,883881,'Natural Burger');
INSERT INTO FoodItemOffers1 VALUES ('Natural Burger','The tastiest Burger possible');
INSERT INTO FoodItemOffers2 VALUES (249339,883881,'Best Coffee');
INSERT INTO FoodItemOffers1 VALUES ('Best Coffee','The tastiest Coffee possible');
INSERT INTO FoodItemOffers2 VALUES (599678,883881,'Icy Cake');
INSERT INTO FoodItemOffers1 VALUES ('Icy Cake','The tastiest Cake possible');
INSERT INTO FoodItemOffers2 VALUES (258481,883881,'Magnificent Ice Cream');
INSERT INTO FoodItemOffers1 VALUES ('Magnificent Ice Cream','The tastiest Ice Cream possible');
INSERT INTO StoreManager VALUES (961526,'Drake2916','9720Kim','Drake Kim','320 Main Gardens');
INSERT INTO Store2 VALUES (771138,961526,'The Magnificent Patisserie','527 Marine Heights');
INSERT INTO Store1 VALUES ('The Magnificent Patisserie',262439);
INSERT INTO FoodItemOffers2 VALUES (262439,771138,'Hot Meatballs');
INSERT INTO FoodItemOffers1 VALUES ('Hot Meatballs','The tastiest Meatballs possible');
INSERT INTO FoodItemOffers2 VALUES (507266,771138,'Jolly Fries');
INSERT INTO FoodItemOffers1 VALUES ('Jolly Fries','The tastiest Fries possible');
INSERT INTO FoodItemOffers2 VALUES (790741,771138,'Amazing Cake');
INSERT INTO FoodItemOffers1 VALUES ('Amazing Cake','The tastiest Cake possible');
INSERT INTO StoreManager VALUES (133483,'Michael7648','3473Nicki','Michael Nicki','397 Davie Dr');
INSERT INTO Store2 VALUES (761485,133483,'The Fresh Creamery','32 Upland Center');
INSERT INTO Store1 VALUES ('The Fresh Creamery',317968);
INSERT INTO FoodItemOffers2 VALUES (317968,761485,'Enjoyable Meatballs');
INSERT INTO FoodItemOffers1 VALUES ('Enjoyable Meatballs','The tastiest Meatballs possible');
INSERT INTO FoodItemOffers2 VALUES (945012,761485,'Cold Taco');
INSERT INTO FoodItemOffers1 VALUES ('Cold Taco','The tastiest Taco possible');
INSERT INTO FoodItemOffers2 VALUES (79050,761485,'Icy Pasta');
INSERT INTO FoodItemOffers1 VALUES ('Icy Pasta','The tastiest Pasta possible');
INSERT INTO FoodItemOffers2 VALUES (91447,761485,'Soft Salad');
INSERT INTO FoodItemOffers1 VALUES ('Soft Salad','The tastiest Salad possible');
INSERT INTO FoodItemOffers2 VALUES (724467,761485,'Chubby Calzone');
INSERT INTO FoodItemOffers1 VALUES ('Chubby Calzone','The tastiest Calzone possible');
INSERT INTO StoreManager VALUES (418789,'Glenn5654','6388Alicia','Glenn Alicia','161 Main Grove');
INSERT INTO Store2 VALUES (100074,418789,'The Plump Creamery','496 Broadway Cr');
INSERT INTO Store1 VALUES ('The Plump Creamery',465029);
INSERT INTO FoodItemOffers2 VALUES (465029,100074,'Jolly Sushi');
INSERT INTO FoodItemOffers1 VALUES ('Jolly Sushi','The tastiest Sushi possible');
INSERT INTO FoodItemOffers2 VALUES (728645,100074,'Magnificent Taco');
INSERT INTO FoodItemOffers1 VALUES ('Magnificent Taco','The tastiest Taco possible');
INSERT INTO FoodItemOffers2 VALUES (659912,100074,'Fresh Sushi');
INSERT INTO FoodItemOffers1 VALUES ('Fresh Sushi','The tastiest Sushi possible');
INSERT INTO FoodItemOffers2 VALUES (284752,100074,'Mysterious Burger');
INSERT INTO FoodItemOffers1 VALUES ('Mysterious Burger','The tastiest Burger possible');
INSERT INTO FoodItemOffers2 VALUES (498261,100074,'Best Sushi');
INSERT INTO FoodItemOffers1 VALUES ('Best Sushi','The tastiest Sushi possible');
INSERT INTO FoodItemOffers2 VALUES (53944,100074,'Magical Taco');
INSERT INTO FoodItemOffers1 VALUES ('Magical Taco','The tastiest Taco possible');
INSERT INTO StoreManager VALUES (93609,'Glenn117','8472Bob','Glenn Bob','830 Blanca Terrace');
INSERT INTO Store2 VALUES (438631,93609,'The Fresh Buffet','890 Highland Alley');
INSERT INTO Store1 VALUES ('The Fresh Buffet',19207);
INSERT INTO FoodItemOffers2 VALUES (19207,438631,'Cold Sushi');
INSERT INTO FoodItemOffers1 VALUES ('Cold Sushi','The tastiest Sushi possible');
INSERT INTO FoodItemOffers2 VALUES (799439,438631,'Succulent Meatballs');
INSERT INTO FoodItemOffers1 VALUES ('Succulent Meatballs','The tastiest Meatballs possible');
INSERT INTO FoodItemOffers2 VALUES (321980,438631,'Natural Bagel');
INSERT INTO FoodItemOffers1 VALUES ('Natural Bagel','The tastiest Bagel possible');
INSERT INTO FoodItemOffers2 VALUES (634167,438631,'Best Burger');
INSERT INTO FoodItemOffers1 VALUES ('Best Burger','The tastiest Burger possible');
INSERT INTO FoodItemOffers2 VALUES (819259,438631,'Black Meatballs');
INSERT INTO FoodItemOffers1 VALUES ('Black Meatballs','The tastiest Meatballs possible');
INSERT INTO FoodItemOffers2 VALUES (357848,438631,'Dazzling Bagel');
INSERT INTO FoodItemOffers1 VALUES ('Dazzling Bagel','The tastiest Bagel possible');
INSERT INTO FoodItemOffers2 VALUES (324775,438631,'Magnificent Burger');
INSERT INTO FoodItemOffers1 VALUES ('Magnificent Burger','The tastiest Burger possible');
INSERT INTO FoodItemOffers2 VALUES (726157,438631,'Plump Ice Cream');
INSERT INTO FoodItemOffers1 VALUES ('Plump Ice Cream','The tastiest Ice Cream possible');
INSERT INTO StoreManager VALUES (783477,'Robert7016','2957Percy','Robert Percy','600 Broadway Hill');
INSERT INTO Store2 VALUES (722693,783477,'The Hot Patisserie','861 Broadway Place');
INSERT INTO Store1 VALUES ('The Hot Patisserie',31636);
INSERT INTO FoodItemOffers2 VALUES (31636,722693,'Cold Sandwich');
INSERT INTO FoodItemOffers1 VALUES ('Cold Sandwich','The tastiest Sandwich possible');
INSERT INTO Customer VALUES (181143,'Davis1852','2663Jeff','Davis Jeff','92 Marine Heights');
INSERT INTO Customer VALUES (849909,'Whitney4956','8194Ross','Whitney Ross','491 Davie St');
INSERT INTO Customer VALUES (519164,'Jan8985','7919Jeff','Jan Jeff','686 Hamilton Heights');
INSERT INTO Customer VALUES (454587,'Glenn8888','5477Robert','Glenn Robert','784 Upland Hill');
INSERT INTO Customer VALUES (404074,'Alicia9737','8409Davis','Alicia Davis','142 Broadway Gardens');
INSERT INTO Customer VALUES (886295,'Nicki1875','1189Hannah','Nicki Hannah','937 Highland Way');
INSERT INTO Customer VALUES (708977,'Susan1221','9358Yuri','Susan Yuri','58 Hamilton St');
INSERT INTO Customer VALUES (716696,'Barbara7025','426Michael','Barbara Michael','432 Highland Cr');
INSERT INTO Customer VALUES (361191,'Michael9112','5366Alicia','Michael Alicia','534 Burrard Dr');
INSERT INTO Customer VALUES (903061,'Ross2168','8282Dan','Ross Dan','765 Eastdown Cr');
INSERT INTO Customer VALUES (652116,'Carleton4991','6287Taylor','Carleton Taylor','404 Gibbins Dr');
INSERT INTO Customer VALUES (284679,'Dan4651','3105Davis','Dan Davis','284 Granville Terrace');
INSERT INTO Customer VALUES (373419,'Gary5981','198Cohen','Gary Cohen','53 Sasamat Canyon');
INSERT INTO Customer VALUES (965923,'Drake9685','5710Carleton','Drake Carleton','187 Arbutus Center');
INSERT INTO Customer VALUES (183591,'Rey4532','1078Ross','Rey Ross','785 Cambie Hill');
INSERT INTO Customer VALUES (249322,'George6221','8559Susan','George Susan','76 Main Creek');
INSERT INTO Customer VALUES (31926,'Susan8612','2888Ross','Susan Ross','660 Blanca Junction');
INSERT INTO Customer VALUES (438754,'William4921','6095Michael','William Michael','849 Beach Cr');
INSERT INTO Customer VALUES (601674,'Beckett5881','8511Anne','Beckett Anne','920 Pender Junction');
INSERT INTO Customer VALUES (494454,'Beckett2933','5432Lydia','Beckett Lydia','60 Arbutus Heights');
INSERT INTO Customer VALUES (674953,'Alicia2470','6214Timothy','Alicia Timothy','549 Hamilton Dr');
INSERT INTO Customer VALUES (688361,'Jan3923','767Wong','Jan Wong','871 Broadway Junction');
INSERT INTO Customer VALUES (507837,'Chris4968','2817Sara','Chris Sara','960 Broadway Alley');
INSERT INTO Customer VALUES (806757,'Davis2217','6878Joey','Davis Joey','422 Mainland Bouleletd');
INSERT INTO Customer VALUES (910626,'Carleton7727','9794Yuki','Carleton Yuki','789 Beach Hill');
INSERT INTO Customer VALUES (64266,'Taylor4895','4916Roy','Taylor Roy','161 Pacific Lane');
INSERT INTO Customer VALUES (85229,'John4931','2245Elle','John Elle','343 Main Hill');
INSERT INTO Customer VALUES (742863,'Leah489','9309Patricia','Leah Patricia','324 Pender Square');
INSERT INTO Customer VALUES (961695,'Glenn199','2502Robert','Glenn Robert','744 Discovery Junction');
INSERT INTO Customer VALUES (35364,'Patricia9144','6426Kyra','Patricia Kyra','424 Pacific Grove');
INSERT INTO Customer VALUES (178331,'Percy1492','3488Roy','Percy Roy','483 Marine Junction');
INSERT INTO Customer VALUES (505488,'Timothy136','1019Elle','Timothy Elle','129 Pacific Grove');
INSERT INTO Customer VALUES (248221,'Leah730','9392Bob','Leah Bob','429 Sasamat Way');
INSERT INTO Customer VALUES (882567,'Bill8367','2625Jennifer','Bill Jennifer','407 Discovery Gardens');
INSERT INTO Customer VALUES (672322,'Anderson4520','3125Han','Anderson Han','888 Beach Lane');
INSERT INTO Customer VALUES (78628,'William3348','9297William','William William','961 Upland Avenue');
INSERT INTO Customer VALUES (111921,'Elon7265','4574Anderson','Elon Anderson','178 Main Dr');
INSERT INTO Customer VALUES (633206,'Han366','9798Kyra','Han Kyra','527 Discovery Grove');
INSERT INTO Customer VALUES (819985,'Nicki1171','7175Violet','Nicki Violet','416 Broadway St');
INSERT INTO Customer VALUES (675077,'Kyra8432','7818George','Kyra George','532 Thurlow Lane');
INSERT INTO Customer VALUES (450972,'Barbara4824','6783Alan','Barbara Alan','492 Yew Place');
INSERT INTO Customer VALUES (73006,'Bonnibel3348','7806Chris','Bonnibel Chris','739 Main Canyon');
INSERT INTO Customer VALUES (965986,'Robert2018','3590Roy','Robert Roy','210 Broadway Canyon');
INSERT INTO Customer VALUES (763583,'Harrison1053','5853Maria','Harrison Maria','9 Burrard Lane');
INSERT INTO Customer VALUES (838514,'Izuku6486','714Jackson','Izuku Jackson','17 Beach Canyon');
INSERT INTO Customer VALUES (356952,'Cindy4269','5291Rey','Cindy Rey','885 Pender Terrace');
INSERT INTO Customer VALUES (344313,'Kyle1083','5758Roy','Kyle Roy','168 Main Creek');
INSERT INTO Customer VALUES (800017,'Hannah9807','6298Dan','Hannah Dan','26 Mainland Heights');
INSERT INTO Customer VALUES (794864,'Michael5763','3025Bonnibel','Michael Bonnibel','391 Marine Dr');
INSERT INTO Customer VALUES (799511,'Joey1014','6467Alicia','Joey Alicia','687 Sasamat Lane');
INSERT INTO Customer VALUES (340213,'Smith4076','7840Cohen','Smith Cohen','731 Alma Lane');
INSERT INTO Customer VALUES (510449,'Emily121','7593Jan','Emily Jan','994 Burrard Alley');
INSERT INTO Customer VALUES (95272,'Anne4214','7844Susan','Anne Susan','766 Thurlow Grove');
INSERT INTO Customer VALUES (438068,'Tim2930','1624Mary','Tim Mary','287 Burrard Bouleletd');
INSERT INTO Customer VALUES (275908,'Michael7209','610Lydia','Michael Lydia','944 Blanca Canyon');
INSERT INTO Customer VALUES (210022,'Emily7436','6053Whitney','Emily Whitney','532 Davie Bouleletd');
INSERT INTO Customer VALUES (889005,'Horton4206','6758Elon','Horton Elon','813 Blanca Hill');
INSERT INTO Customer VALUES (99391,'Lee4176','4341Percy','Lee Percy','941 Gibbins Alley');
INSERT INTO Customer VALUES (422613,'Violet5757','1249Glenn','Violet Glenn','419 Discovery Canyon');
INSERT INTO Customer VALUES (977428,'Adam4743','4124David','Adam David','25 Alma Place');
INSERT INTO Customer VALUES (751797,'Mary1430','4084Emily','Mary Emily','163 Yew Center');
INSERT INTO Customer VALUES (86734,'Lydia6067','7144Elle','Lydia Elle','762 Gibbins Place');
INSERT INTO Customer VALUES (843037,'Chris3721','7011Timothy','Chris Timothy','264 Carmel Hill');
INSERT INTO Customer VALUES (893676,'Percy5013','1979Yuri','Percy Yuri','916 Blanca Junction');
INSERT INTO Customer VALUES (787268,'William5688','4541Bob','William Bob','178 Burrard Heights');
INSERT INTO Customer VALUES (842030,'Nicki9938','2918Alicia','Nicki Alicia','256 Thurlow Gardens');
INSERT INTO Customer VALUES (184754,'Smith521','353Harrison','Smith Harrison','457 Cambie Grove');
INSERT INTO Customer VALUES (326617,'Bonnibel3022','4771Whitney','Bonnibel Whitney','6 Cambie Creek');
INSERT INTO Customer VALUES (495743,'David5883','3749Linda','David Linda','692 Eastdown Junction');
INSERT INTO Customer VALUES (756497,'Alan2192','4884Kelly','Alan Kelly','133 Pender Way');
INSERT INTO Customer VALUES (15154,'Chris5765','9435Winnie','Chris Winnie','776 Beach Square');
INSERT INTO Customer VALUES (566354,'Percy4230','8028Mary','Percy Mary','592 Alma Heights');
INSERT INTO Customer VALUES (382908,'Alan8622','570Horton','Alan Horton','189 Marine Center');
INSERT INTO Customer VALUES (993970,'Jan5677','6075Rey','Jan Rey','997 Beach Creek');
INSERT INTO Customer VALUES (514215,'Robert2619','6619Elle','Robert Elle','195 Arbutus Creek');
INSERT INTO Customer VALUES (746779,'Cohen1553','886Jeff','Cohen Jeff','879 Carmel Terrace');
INSERT INTO Customer VALUES (325500,'Adam1203','1975Harrison','Adam Harrison','142 Cambie Bouleletd');
INSERT INTO Customer VALUES (47248,'Han8873','2848William','Han William','58 Discovery Avenue');
INSERT INTO Customer VALUES (711593,'Bob1667','1637Barbara','Bob Barbara','334 Main Dr');
INSERT INTO Customer VALUES (885311,'Glenn4099','3362Lydia','Glenn Lydia','207 Carmel Heights');
INSERT INTO Customer VALUES (482483,'Sebastian8264','9777Yuri','Sebastian Yuri','692 Carmel Terrace');
INSERT INTO Customer VALUES (126903,'Tim1811','55Smith','Tim Smith','954 Mainland Place');
INSERT INTO Customer VALUES (907137,'Izuku8888','2156Maria','Izuku Maria','403 Trafalgar Alley');
INSERT INTO Customer VALUES (493412,'Nicki3776','3454Robert','Nicki Robert','351 Broadway Square');
INSERT INTO Customer VALUES (608201,'Drake2874','71Violet','Drake Violet','299 Eastdown Junction');
INSERT INTO Customer VALUES (867512,'Kelly8766','8227Chris','Kelly Chris','567 Broadway Place');
INSERT INTO Customer VALUES (466895,'David667','3037Jeff','David Jeff','774 Alma Heights');
INSERT INTO Customer VALUES (585462,'Ross9043','3450Alicia','Ross Alicia','539 Cambie St');
INSERT INTO Customer VALUES (394190,'Alan8484','2353Robyn','Alan Robyn','562 Main Place');
INSERT INTO Customer VALUES (637534,'Leah9502','7025Lee','Leah Lee','71 Pacific Way');
INSERT INTO Customer VALUES (777100,'Kim7510','5570Elon','Kim Elon','832 Marine Alley');
INSERT INTO Customer VALUES (571238,'Maria2234','4320Yuki','Maria Yuki','891 Carmel St');
INSERT INTO Customer VALUES (362449,'Maria7427','9337Izuku','Maria Izuku','55 Carmel Cr');
INSERT INTO Customer VALUES (121528,'Smith9657','1584Lincoln','Smith Lincoln','104 Trafalgar Terrace');
INSERT INTO Customer VALUES (737221,'Alicia3848','1171Leah','Alicia Leah','415 Sasamat Creek');
INSERT INTO Customer VALUES (92789,'Cohen6205','8201Cindy','Cohen Cindy','544 Pacific Lane');
INSERT INTO Customer VALUES (370026,'Harrison2561','5482Maria','Harrison Maria','445 Gibbins Place');
INSERT INTO Customer VALUES (594383,'Yuri9258','2714Beckett','Yuri Beckett','88 Arbutus Way');
INSERT INTO Customer VALUES (133105,'Hannah3855','967Carleton','Hannah Carleton','773 Yew Junction');
INSERT INTO Customer VALUES (533342,'Jackson1824','4712Lena','Jackson Lena','858 Main Cr');
INSERT INTO OrderFullfillsAndPlaces VALUES (672485,708628,843037,1528961564681);
INSERT INTO Contains VALUES (672485,568503);
INSERT INTO Contains VALUES (672485,308588);
INSERT INTO MessageSendsAndReceives VALUES (712144,708628,843037,'Your order #672485','Your order is on its way. Enjoy!',1528961564681);
INSERT INTO OrderFullfillsAndPlaces VALUES (166549,708628,867512,1528962335235);
INSERT INTO Contains VALUES (166549,308588);
INSERT INTO Contains VALUES (166549,568503);
INSERT INTO MessageSendsAndReceives VALUES (31653,708628,867512,'Your order #166549','Your order is on its way. Enjoy!',1528962335235);
INSERT INTO OrderFullfillsAndPlaces VALUES (148104,708628,594383,1528962130928);
INSERT INTO Contains VALUES (148104,308588);
INSERT INTO MessageSendsAndReceives VALUES (406769,708628,594383,'Your order #148104','Your order is on its way. Enjoy!',1528962130928);
INSERT INTO OrderFullfillsAndPlaces VALUES (744158,708628,799511,1528961729817);
INSERT INTO Contains VALUES (744158,607493);
INSERT INTO MessageSendsAndReceives VALUES (395678,708628,799511,'Your order #744158','Your order is on its way. Enjoy!',1528961729817);
INSERT INTO OrderFullfillsAndPlaces VALUES (991603,708628,566354,1528961130694);
INSERT INTO Contains VALUES (991603,568503);
INSERT INTO Contains VALUES (991603,607493);
INSERT INTO Contains VALUES (991603,308588);
INSERT INTO MessageSendsAndReceives VALUES (899671,708628,566354,'Your order #991603','Your order is on its way. Enjoy!',1528961130694);
INSERT INTO OrderFullfillsAndPlaces VALUES (302693,708628,842030,1528962600851);
INSERT INTO Contains VALUES (302693,308588);
INSERT INTO Contains VALUES (302693,607493);
INSERT INTO Contains VALUES (302693,568503);
INSERT INTO MessageSendsAndReceives VALUES (742874,708628,842030,'Your order #302693','Your order is on its way. Enjoy!',1528962600851);
INSERT INTO OrderFullfillsAndPlaces VALUES (440971,708628,373419,1528961738893);
INSERT INTO Contains VALUES (440971,607493);
INSERT INTO MessageSendsAndReceives VALUES (829761,708628,373419,'Your order #440971','Your order is on its way. Enjoy!',1528961738893);
INSERT INTO OrderFullfillsAndPlaces VALUES (592565,708628,356952,1528961773415);
INSERT INTO Contains VALUES (592565,568503);
INSERT INTO Contains VALUES (592565,607493);
INSERT INTO MessageSendsAndReceives VALUES (158686,708628,356952,'Your order #592565','Your order is on its way. Enjoy!',1528961773415);
INSERT INTO OrderFullfillsAndPlaces VALUES (133938,708628,404074,1528961324553);
INSERT INTO Contains VALUES (133938,308588);
INSERT INTO MessageSendsAndReceives VALUES (24941,708628,404074,'Your order #133938','Your order is on its way. Enjoy!',1528961324553);
INSERT INTO OrderFullfillsAndPlaces VALUES (247488,403213,756497,1528961361620);
INSERT INTO Contains VALUES (247488,803266);
INSERT INTO Contains VALUES (247488,165323);
INSERT INTO Contains VALUES (247488,196050);
INSERT INTO MessageSendsAndReceives VALUES (18962,403213,756497,'Your order #247488','Your order is on its way. Enjoy!',1528961361620);
INSERT INTO OrderFullfillsAndPlaces VALUES (419774,403213,711593,1528962290629);
INSERT INTO Contains VALUES (419774,165323);
INSERT INTO MessageSendsAndReceives VALUES (375821,403213,711593,'Your order #419774','Your order is on its way. Enjoy!',1528962290629);
INSERT INTO OrderFullfillsAndPlaces VALUES (713294,403213,885311,1528962127017);
INSERT INTO Contains VALUES (713294,803266);
INSERT INTO MessageSendsAndReceives VALUES (316818,403213,885311,'Your order #713294','Your order is on its way. Enjoy!',1528962127017);
INSERT INTO OrderFullfillsAndPlaces VALUES (608020,403213,977428,1528961281735);
INSERT INTO Contains VALUES (608020,196050);
INSERT INTO Contains VALUES (608020,165323);
INSERT INTO MessageSendsAndReceives VALUES (391534,403213,977428,'Your order #608020','Your order is on its way. Enjoy!',1528961281735);
INSERT INTO OrderFullfillsAndPlaces VALUES (889352,563613,362449,1528961673026);
INSERT INTO Contains VALUES (889352,766075);
INSERT INTO MessageSendsAndReceives VALUES (666559,563613,362449,'Your order #889352','Your order is on its way. Enjoy!',1528961673026);
INSERT INTO OrderFullfillsAndPlaces VALUES (155941,601330,787268,1528961471760);
INSERT INTO Contains VALUES (155941,928677);
INSERT INTO Contains VALUES (155941,191063);
INSERT INTO Contains VALUES (155941,359737);
INSERT INTO MessageSendsAndReceives VALUES (846697,601330,787268,'Your order #155941','Your order is on its way. Enjoy!',1528961471760);
INSERT INTO OrderFullfillsAndPlaces VALUES (977914,601330,886295,1528961502225);
INSERT INTO Contains VALUES (977914,928677);
INSERT INTO Contains VALUES (977914,359737);
INSERT INTO MessageSendsAndReceives VALUES (110640,601330,886295,'Your order #977914','Your order is on its way. Enjoy!',1528961502225);
INSERT INTO OrderFullfillsAndPlaces VALUES (507331,601330,907137,1528962304448);
INSERT INTO Contains VALUES (507331,359737);
INSERT INTO MessageSendsAndReceives VALUES (304364,601330,907137,'Your order #507331','Your order is on its way. Enjoy!',1528962304448);
INSERT INTO OrderFullfillsAndPlaces VALUES (776766,601330,708977,1528961969689);
INSERT INTO Contains VALUES (776766,844974);
INSERT INTO MessageSendsAndReceives VALUES (231657,601330,708977,'Your order #776766','Your order is on its way. Enjoy!',1528961969689);
INSERT INTO OrderFullfillsAndPlaces VALUES (328506,601330,886295,1528961059036);
INSERT INTO Contains VALUES (328506,191063);
INSERT INTO Contains VALUES (328506,451030);
INSERT INTO MessageSendsAndReceives VALUES (236202,601330,886295,'Your order #328506','Your order is on its way. Enjoy!',1528961059036);
INSERT INTO OrderFullfillsAndPlaces VALUES (11842,280042,838514,1528962334206);
INSERT INTO Contains VALUES (11842,622764);
INSERT INTO MessageSendsAndReceives VALUES (831217,280042,838514,'Your order #11842','Your order is on its way. Enjoy!',1528962334206);
INSERT INTO OrderFullfillsAndPlaces VALUES (217831,280042,495743,1528962734759);
INSERT INTO Contains VALUES (217831,622764);
INSERT INTO MessageSendsAndReceives VALUES (672209,280042,495743,'Your order #217831','Your order is on its way. Enjoy!',1528962734759);
INSERT INTO OrderFullfillsAndPlaces VALUES (214052,280042,121528,1528961738116);
INSERT INTO Contains VALUES (214052,622764);
INSERT INTO MessageSendsAndReceives VALUES (747289,280042,121528,'Your order #214052','Your order is on its way. Enjoy!',1528961738116);
INSERT INTO OrderFullfillsAndPlaces VALUES (939654,280042,422613,1528962505310);
INSERT INTO Contains VALUES (939654,622764);
INSERT INTO MessageSendsAndReceives VALUES (313038,280042,422613,'Your order #939654','Your order is on its way. Enjoy!',1528962505310);
INSERT INTO OrderFullfillsAndPlaces VALUES (464756,80358,965986,1528962298828);
INSERT INTO Contains VALUES (464756,384695);
INSERT INTO MessageSendsAndReceives VALUES (756082,80358,965986,'Your order #464756','Your order is on its way. Enjoy!',1528962298828);
INSERT INTO OrderFullfillsAndPlaces VALUES (178244,80358,571238,1528961510005);
INSERT INTO Contains VALUES (178244,384695);
INSERT INTO Contains VALUES (178244,343775);
INSERT INTO MessageSendsAndReceives VALUES (115532,80358,571238,'Your order #178244','Your order is on its way. Enjoy!',1528961510005);
INSERT INTO OrderFullfillsAndPlaces VALUES (153275,80358,601674,1528961940716);
INSERT INTO Contains VALUES (153275,384695);
INSERT INTO MessageSendsAndReceives VALUES (865715,80358,601674,'Your order #153275','Your order is on its way. Enjoy!',1528961940716);
INSERT INTO OrderFullfillsAndPlaces VALUES (690391,80358,742863,1528961318706);
INSERT INTO Contains VALUES (690391,970339);
INSERT INTO MessageSendsAndReceives VALUES (701517,80358,742863,'Your order #690391','Your order is on its way. Enjoy!',1528961318706);
INSERT INTO OrderFullfillsAndPlaces VALUES (122954,80358,601674,1528962002086);
INSERT INTO Contains VALUES (122954,970339);
INSERT INTO Contains VALUES (122954,384695);
INSERT INTO MessageSendsAndReceives VALUES (223956,80358,601674,'Your order #122954','Your order is on its way. Enjoy!',1528962002086);
INSERT INTO OrderFullfillsAndPlaces VALUES (657832,80358,716696,1528962806175);
INSERT INTO Contains VALUES (657832,384695);
INSERT INTO Contains VALUES (657832,970339);
INSERT INTO Contains VALUES (657832,343775);
INSERT INTO MessageSendsAndReceives VALUES (511075,80358,716696,'Your order #657832','Your order is on its way. Enjoy!',1528962806175);
INSERT INTO OrderFullfillsAndPlaces VALUES (673144,80358,493412,1528961085142);
INSERT INTO Contains VALUES (673144,970339);
INSERT INTO Contains VALUES (673144,384695);
INSERT INTO MessageSendsAndReceives VALUES (540976,80358,493412,'Your order #673144','Your order is on its way. Enjoy!',1528961085142);
INSERT INTO OrderFullfillsAndPlaces VALUES (396470,80358,505488,1528962905274);
INSERT INTO Contains VALUES (396470,970339);
INSERT INTO Contains VALUES (396470,343775);
INSERT INTO MessageSendsAndReceives VALUES (605832,80358,505488,'Your order #396470','Your order is on its way. Enjoy!',1528962905274);
INSERT INTO OrderFullfillsAndPlaces VALUES (757633,80358,340213,1528961337277);
INSERT INTO Contains VALUES (757633,343775);
INSERT INTO MessageSendsAndReceives VALUES (404840,80358,340213,'Your order #757633','Your order is on its way. Enjoy!',1528961337277);
INSERT INTO OrderFullfillsAndPlaces VALUES (263044,932273,794864,1528961894784);
INSERT INTO Contains VALUES (263044,958299);
INSERT INTO Contains VALUES (263044,731507);
INSERT INTO Contains VALUES (263044,811791);
INSERT INTO MessageSendsAndReceives VALUES (386521,932273,794864,'Your order #263044','Your order is on its way. Enjoy!',1528961894784);
INSERT INTO OrderFullfillsAndPlaces VALUES (775326,932273,85229,1528961648808);
INSERT INTO Contains VALUES (775326,301012);
INSERT INTO Contains VALUES (775326,811791);
INSERT INTO MessageSendsAndReceives VALUES (633191,932273,85229,'Your order #775326','Your order is on its way. Enjoy!',1528961648808);
INSERT INTO OrderFullfillsAndPlaces VALUES (116662,932273,47248,1528961341337);
INSERT INTO Contains VALUES (116662,309998);
INSERT INTO Contains VALUES (116662,731507);
INSERT INTO Contains VALUES (116662,715983);
INSERT INTO MessageSendsAndReceives VALUES (124585,932273,47248,'Your order #116662','Your order is on its way. Enjoy!',1528961341337);
INSERT INTO OrderFullfillsAndPlaces VALUES (348564,932273,482483,1528962144944);
INSERT INTO Contains VALUES (348564,958299);
INSERT INTO Contains VALUES (348564,309998);
INSERT INTO MessageSendsAndReceives VALUES (991329,932273,482483,'Your order #348564','Your order is on its way. Enjoy!',1528962144944);
INSERT INTO OrderFullfillsAndPlaces VALUES (322976,932273,505488,1528962389719);
INSERT INTO Contains VALUES (322976,309998);
INSERT INTO Contains VALUES (322976,811791);
INSERT INTO MessageSendsAndReceives VALUES (749940,932273,505488,'Your order #322976','Your order is on its way. Enjoy!',1528962389719);
INSERT INTO OrderFullfillsAndPlaces VALUES (995605,932273,737221,1528962391459);
INSERT INTO Contains VALUES (995605,715983);
INSERT INTO Contains VALUES (995605,731507);
INSERT INTO MessageSendsAndReceives VALUES (812482,932273,737221,'Your order #995605','Your order is on its way. Enjoy!',1528962391459);
INSERT INTO OrderFullfillsAndPlaces VALUES (448409,932273,711593,1528961955568);
INSERT INTO Contains VALUES (448409,958299);
INSERT INTO MessageSendsAndReceives VALUES (147608,932273,711593,'Your order #448409','Your order is on its way. Enjoy!',1528961955568);
INSERT INTO OrderFullfillsAndPlaces VALUES (544561,932273,64266,1528961169224);
INSERT INTO Contains VALUES (544561,301012);
INSERT INTO MessageSendsAndReceives VALUES (473358,932273,64266,'Your order #544561','Your order is on its way. Enjoy!',1528961169224);
INSERT INTO OrderFullfillsAndPlaces VALUES (899144,932273,184754,1528962663753);
INSERT INTO Contains VALUES (899144,731507);
INSERT INTO Contains VALUES (899144,958299);
INSERT INTO Contains VALUES (899144,309998);
INSERT INTO MessageSendsAndReceives VALUES (31678,932273,184754,'Your order #899144','Your order is on its way. Enjoy!',1528962663753);
INSERT INTO OrderFullfillsAndPlaces VALUES (511463,902078,566354,1528961167286);
INSERT INTO Contains VALUES (511463,943562);
INSERT INTO MessageSendsAndReceives VALUES (941692,902078,566354,'Your order #511463','Your order is on its way. Enjoy!',1528961167286);
INSERT INTO OrderFullfillsAndPlaces VALUES (173278,902078,601674,1528962244786);
INSERT INTO Contains VALUES (173278,943562);
INSERT INTO Contains VALUES (173278,70621);
INSERT INTO MessageSendsAndReceives VALUES (382517,902078,601674,'Your order #173278','Your order is on its way. Enjoy!',1528962244786);
INSERT INTO OrderFullfillsAndPlaces VALUES (621260,625918,519164,1528961108783);
INSERT INTO Contains VALUES (621260,278246);
INSERT INTO Contains VALUES (621260,448294);
INSERT INTO Contains VALUES (621260,911253);
INSERT INTO MessageSendsAndReceives VALUES (521943,625918,519164,'Your order #621260','Your order is on its way. Enjoy!',1528961108783);
INSERT INTO OrderFullfillsAndPlaces VALUES (351905,625918,688361,1528961777917);
INSERT INTO Contains VALUES (351905,911253);
INSERT INTO MessageSendsAndReceives VALUES (432179,625918,688361,'Your order #351905','Your order is on its way. Enjoy!',1528961777917);
INSERT INTO OrderFullfillsAndPlaces VALUES (870299,625918,466895,1528961772416);
INSERT INTO Contains VALUES (870299,755533);
INSERT INTO Contains VALUES (870299,666760);
INSERT INTO Contains VALUES (870299,864958);
INSERT INTO MessageSendsAndReceives VALUES (468748,625918,466895,'Your order #870299','Your order is on its way. Enjoy!',1528961772416);
INSERT INTO OrderFullfillsAndPlaces VALUES (783886,625918,121528,1528963027105);
INSERT INTO Contains VALUES (783886,755533);
INSERT INTO MessageSendsAndReceives VALUES (507085,625918,121528,'Your order #783886','Your order is on its way. Enjoy!',1528963027105);
INSERT INTO OrderFullfillsAndPlaces VALUES (879926,625918,742863,1528962626973);
INSERT INTO Contains VALUES (879926,448294);
INSERT INTO Contains VALUES (879926,947074);
INSERT INTO MessageSendsAndReceives VALUES (311771,625918,742863,'Your order #879926','Your order is on its way. Enjoy!',1528962626973);
INSERT INTO OrderFullfillsAndPlaces VALUES (96268,625918,716696,1528962451485);
INSERT INTO Contains VALUES (96268,911253);
INSERT INTO Contains VALUES (96268,755533);
INSERT INTO MessageSendsAndReceives VALUES (237824,625918,716696,'Your order #96268','Your order is on its way. Enjoy!',1528962451485);
INSERT INTO OrderFullfillsAndPlaces VALUES (448823,37334,608201,1528961455731);
INSERT INTO Contains VALUES (448823,918657);
INSERT INTO MessageSendsAndReceives VALUES (429338,37334,608201,'Your order #448823','Your order is on its way. Enjoy!',1528961455731);
INSERT INTO OrderFullfillsAndPlaces VALUES (709565,37334,505488,1528962950761);
INSERT INTO Contains VALUES (709565,918657);
INSERT INTO MessageSendsAndReceives VALUES (681594,37334,505488,'Your order #709565','Your order is on its way. Enjoy!',1528962950761);
INSERT INTO OrderFullfillsAndPlaces VALUES (231362,37334,404074,1528962292311);
INSERT INTO Contains VALUES (231362,918657);
INSERT INTO MessageSendsAndReceives VALUES (528833,37334,404074,'Your order #231362','Your order is on its way. Enjoy!',1528962292311);
INSERT INTO OrderFullfillsAndPlaces VALUES (292796,37334,746779,1528962440779);
INSERT INTO Contains VALUES (292796,918657);
INSERT INTO MessageSendsAndReceives VALUES (616650,37334,746779,'Your order #292796','Your order is on its way. Enjoy!',1528962440779);
INSERT INTO OrderFullfillsAndPlaces VALUES (76323,567194,533342,1528961370715);
INSERT INTO Contains VALUES (76323,443925);
INSERT INTO Contains VALUES (76323,275850);
INSERT INTO MessageSendsAndReceives VALUES (487207,567194,533342,'Your order #76323','Your order is on its way. Enjoy!',1528961370715);
INSERT INTO OrderFullfillsAndPlaces VALUES (844065,567194,184754,1528961638287);
INSERT INTO Contains VALUES (844065,408735);
INSERT INTO Contains VALUES (844065,443925);
INSERT INTO MessageSendsAndReceives VALUES (334791,567194,184754,'Your order #844065','Your order is on its way. Enjoy!',1528961638287);
INSERT INTO OrderFullfillsAndPlaces VALUES (714713,567194,637534,1528961966126);
INSERT INTO Contains VALUES (714713,275850);
INSERT INTO Contains VALUES (714713,408735);
INSERT INTO Contains VALUES (714713,443925);
INSERT INTO MessageSendsAndReceives VALUES (572578,567194,637534,'Your order #714713','Your order is on its way. Enjoy!',1528961966126);
INSERT INTO OrderFullfillsAndPlaces VALUES (863839,567194,422613,1528962632083);
INSERT INTO Contains VALUES (863839,443925);
INSERT INTO Contains VALUES (863839,275850);
INSERT INTO MessageSendsAndReceives VALUES (715123,567194,422613,'Your order #863839','Your order is on its way. Enjoy!',1528962632083);
INSERT INTO OrderFullfillsAndPlaces VALUES (633442,567194,382908,1528961844419);
INSERT INTO Contains VALUES (633442,275850);
INSERT INTO Contains VALUES (633442,443925);
INSERT INTO MessageSendsAndReceives VALUES (960871,567194,382908,'Your order #633442','Your order is on its way. Enjoy!',1528961844419);
INSERT INTO OrderFullfillsAndPlaces VALUES (813502,567194,794864,1528962533372);
INSERT INTO Contains VALUES (813502,408735);
INSERT INTO Contains VALUES (813502,275850);
INSERT INTO MessageSendsAndReceives VALUES (220526,567194,794864,'Your order #813502','Your order is on its way. Enjoy!',1528962533372);
INSERT INTO OrderFullfillsAndPlaces VALUES (69184,567194,688361,1528962356439);
INSERT INTO Contains VALUES (69184,408735);
INSERT INTO Contains VALUES (69184,443925);
INSERT INTO MessageSendsAndReceives VALUES (389455,567194,688361,'Your order #69184','Your order is on its way. Enjoy!',1528962356439);
INSERT INTO OrderFullfillsAndPlaces VALUES (499274,567194,787268,1528961316146);
INSERT INTO Contains VALUES (499274,443925);
INSERT INTO Contains VALUES (499274,275850);
INSERT INTO Contains VALUES (499274,408735);
INSERT INTO MessageSendsAndReceives VALUES (281912,567194,787268,'Your order #499274','Your order is on its way. Enjoy!',1528961316146);
INSERT INTO OrderFullfillsAndPlaces VALUES (713630,59320,533342,1528962926572);
INSERT INTO Contains VALUES (713630,991495);
INSERT INTO MessageSendsAndReceives VALUES (354867,59320,533342,'Your order #713630','Your order is on its way. Enjoy!',1528962926572);
INSERT INTO OrderFullfillsAndPlaces VALUES (206850,59320,746779,1528962885207);
INSERT INTO Contains VALUES (206850,90675);
INSERT INTO Contains VALUES (206850,991495);
INSERT INTO MessageSendsAndReceives VALUES (744821,59320,746779,'Your order #206850','Your order is on its way. Enjoy!',1528962885207);
INSERT INTO OrderFullfillsAndPlaces VALUES (510239,462872,842030,1528962468216);
INSERT INTO Contains VALUES (510239,505651);
INSERT INTO Contains VALUES (510239,745470);
INSERT INTO MessageSendsAndReceives VALUES (631456,462872,842030,'Your order #510239','Your order is on its way. Enjoy!',1528962468216);
INSERT INTO OrderFullfillsAndPlaces VALUES (440139,462872,249322,1528961176760);
INSERT INTO Contains VALUES (440139,745470);
INSERT INTO Contains VALUES (440139,955604);
INSERT INTO MessageSendsAndReceives VALUES (801204,462872,249322,'Your order #440139','Your order is on its way. Enjoy!',1528961176760);
INSERT INTO OrderFullfillsAndPlaces VALUES (720436,462872,907137,1528961728983);
INSERT INTO Contains VALUES (720436,700935);
INSERT INTO Contains VALUES (720436,505651);
INSERT INTO MessageSendsAndReceives VALUES (234930,462872,907137,'Your order #720436','Your order is on its way. Enjoy!',1528961728983);
INSERT INTO OrderFullfillsAndPlaces VALUES (181447,462872,965986,1528961698593);
INSERT INTO Contains VALUES (181447,700935);
INSERT INTO Contains VALUES (181447,745470);
INSERT INTO Contains VALUES (181447,955604);
INSERT INTO MessageSendsAndReceives VALUES (641646,462872,965986,'Your order #181447','Your order is on its way. Enjoy!',1528961698593);
INSERT INTO OrderFullfillsAndPlaces VALUES (397419,462872,907137,1528962993363);
INSERT INTO Contains VALUES (397419,745470);
INSERT INTO Contains VALUES (397419,505651);
INSERT INTO MessageSendsAndReceives VALUES (821929,462872,907137,'Your order #397419','Your order is on its way. Enjoy!',1528962993363);
INSERT INTO OrderFullfillsAndPlaces VALUES (73428,462872,675077,1528961558555);
INSERT INTO Contains VALUES (73428,505651);
INSERT INTO Contains VALUES (73428,955604);
INSERT INTO Contains VALUES (73428,700935);
INSERT INTO MessageSendsAndReceives VALUES (971090,462872,675077,'Your order #73428','Your order is on its way. Enjoy!',1528961558555);
INSERT INTO OrderFullfillsAndPlaces VALUES (415850,462872,325500,1528962859300);
INSERT INTO Contains VALUES (415850,745470);
INSERT INTO MessageSendsAndReceives VALUES (982148,462872,325500,'Your order #415850','Your order is on its way. Enjoy!',1528962859300);
INSERT INTO OrderFullfillsAndPlaces VALUES (27226,462872,965923,1528962062927);
INSERT INTO Contains VALUES (27226,505651);
INSERT INTO MessageSendsAndReceives VALUES (837656,462872,965923,'Your order #27226','Your order is on its way. Enjoy!',1528962062927);
INSERT INTO OrderFullfillsAndPlaces VALUES (13866,184813,838514,1528961732632);
INSERT INTO Contains VALUES (13866,714143);
INSERT INTO Contains VALUES (13866,127300);
INSERT INTO MessageSendsAndReceives VALUES (333224,184813,838514,'Your order #13866','Your order is on its way. Enjoy!',1528961732632);
INSERT INTO OrderFullfillsAndPlaces VALUES (777082,184813,637534,1528961241284);
INSERT INTO Contains VALUES (777082,675547);
INSERT INTO Contains VALUES (777082,127300);
INSERT INTO MessageSendsAndReceives VALUES (959653,184813,637534,'Your order #777082','Your order is on its way. Enjoy!',1528961241284);
INSERT INTO OrderFullfillsAndPlaces VALUES (713021,184813,910626,1528961754659);
INSERT INTO Contains VALUES (713021,127300);
INSERT INTO MessageSendsAndReceives VALUES (723094,184813,910626,'Your order #713021','Your order is on its way. Enjoy!',1528961754659);
INSERT INTO OrderFullfillsAndPlaces VALUES (532788,909060,99391,1528961323060);
INSERT INTO Contains VALUES (532788,513161);
INSERT INTO Contains VALUES (532788,733711);
INSERT INTO MessageSendsAndReceives VALUES (438785,909060,99391,'Your order #532788','Your order is on its way. Enjoy!',1528961323060);
INSERT INTO OrderFullfillsAndPlaces VALUES (318986,909060,882567,1528961897521);
INSERT INTO Contains VALUES (318986,650100);
INSERT INTO Contains VALUES (318986,733711);
INSERT INTO MessageSendsAndReceives VALUES (990809,909060,882567,'Your order #318986','Your order is on its way. Enjoy!',1528961897521);
INSERT INTO OrderFullfillsAndPlaces VALUES (696764,909060,178331,1528962141943);
INSERT INTO Contains VALUES (696764,650100);
INSERT INTO Contains VALUES (696764,513161);
INSERT INTO MessageSendsAndReceives VALUES (634276,909060,178331,'Your order #696764','Your order is on its way. Enjoy!',1528962141943);
INSERT INTO OrderFullfillsAndPlaces VALUES (855379,584775,356952,1528962041954);
INSERT INTO Contains VALUES (855379,746045);
INSERT INTO MessageSendsAndReceives VALUES (774919,584775,356952,'Your order #855379','Your order is on its way. Enjoy!',1528962041954);
INSERT INTO OrderFullfillsAndPlaces VALUES (4561,584775,111921,1528961919020);
INSERT INTO Contains VALUES (4561,746045);
INSERT INTO MessageSendsAndReceives VALUES (778030,584775,111921,'Your order #4561','Your order is on its way. Enjoy!',1528961919020);
INSERT INTO OrderFullfillsAndPlaces VALUES (919784,584775,519164,1528962483416);
INSERT INTO Contains VALUES (919784,746045);
INSERT INTO Contains VALUES (919784,130373);
INSERT INTO Contains VALUES (919784,411789);
INSERT INTO MessageSendsAndReceives VALUES (897119,584775,519164,'Your order #919784','Your order is on its way. Enjoy!',1528962483416);
INSERT INTO OrderFullfillsAndPlaces VALUES (928320,584775,184754,1528961358341);
INSERT INTO Contains VALUES (928320,130373);
INSERT INTO MessageSendsAndReceives VALUES (672662,584775,184754,'Your order #928320','Your order is on its way. Enjoy!',1528961358341);
INSERT INTO OrderFullfillsAndPlaces VALUES (148832,584775,356952,1528961807301);
INSERT INTO Contains VALUES (148832,746045);
INSERT INTO Contains VALUES (148832,617813);
INSERT INTO MessageSendsAndReceives VALUES (184032,584775,356952,'Your order #148832','Your order is on its way. Enjoy!',1528961807301);
INSERT INTO OrderFullfillsAndPlaces VALUES (128677,584775,507837,1528962463416);
INSERT INTO Contains VALUES (128677,617813);
INSERT INTO MessageSendsAndReceives VALUES (218776,584775,507837,'Your order #128677','Your order is on its way. Enjoy!',1528962463416);
INSERT INTO OrderFullfillsAndPlaces VALUES (655668,584775,99391,1528963032766);
INSERT INTO Contains VALUES (655668,746045);
INSERT INTO MessageSendsAndReceives VALUES (718501,584775,99391,'Your order #655668','Your order is on its way. Enjoy!',1528963032766);
INSERT INTO OrderFullfillsAndPlaces VALUES (911198,809402,249322,1528962474148);
INSERT INTO Contains VALUES (911198,842046);
INSERT INTO Contains VALUES (911198,609884);
INSERT INTO Contains VALUES (911198,367274);
INSERT INTO MessageSendsAndReceives VALUES (619352,809402,249322,'Your order #911198','Your order is on its way. Enjoy!',1528962474148);
INSERT INTO OrderFullfillsAndPlaces VALUES (824099,809402,993970,1528961819084);
INSERT INTO Contains VALUES (824099,649360);
INSERT INTO Contains VALUES (824099,579284);
INSERT INTO MessageSendsAndReceives VALUES (162018,809402,993970,'Your order #824099','Your order is on its way. Enjoy!',1528961819084);
INSERT INTO OrderFullfillsAndPlaces VALUES (6984,809402,73006,1528961185231);
INSERT INTO Contains VALUES (6984,395692);
INSERT INTO MessageSendsAndReceives VALUES (436921,809402,73006,'Your order #6984','Your order is on its way. Enjoy!',1528961185231);
INSERT INTO OrderFullfillsAndPlaces VALUES (728808,809402,637534,1528961376412);
INSERT INTO Contains VALUES (728808,367274);
INSERT INTO Contains VALUES (728808,395692);
INSERT INTO MessageSendsAndReceives VALUES (43269,809402,637534,'Your order #728808','Your order is on its way. Enjoy!',1528961376412);
INSERT INTO OrderFullfillsAndPlaces VALUES (313139,809402,73006,1528962340568);
INSERT INTO Contains VALUES (313139,579284);
INSERT INTO Contains VALUES (313139,649360);
INSERT INTO Contains VALUES (313139,609884);
INSERT INTO MessageSendsAndReceives VALUES (906316,809402,73006,'Your order #313139','Your order is on its way. Enjoy!',1528962340568);
INSERT INTO OrderFullfillsAndPlaces VALUES (552097,130323,111921,1528961661212);
INSERT INTO Contains VALUES (552097,174034);
INSERT INTO MessageSendsAndReceives VALUES (536158,130323,111921,'Your order #552097','Your order is on its way. Enjoy!',1528961661212);
INSERT INTO OrderFullfillsAndPlaces VALUES (395356,130323,794864,1528962133829);
INSERT INTO Contains VALUES (395356,653556);
INSERT INTO Contains VALUES (395356,52700);
INSERT INTO Contains VALUES (395356,174034);
INSERT INTO Contains VALUES (395356,608349);
INSERT INTO MessageSendsAndReceives VALUES (211198,130323,794864,'Your order #395356','Your order is on its way. Enjoy!',1528962133829);
INSERT INTO OrderFullfillsAndPlaces VALUES (708574,130323,505488,1528961098150);
INSERT INTO Contains VALUES (708574,973298);
INSERT INTO Contains VALUES (708574,43154);
INSERT INTO MessageSendsAndReceives VALUES (140050,130323,505488,'Your order #708574','Your order is on its way. Enjoy!',1528961098150);
INSERT INTO OrderFullfillsAndPlaces VALUES (958408,130323,756497,1528961833619);
INSERT INTO Contains VALUES (958408,174034);
INSERT INTO Contains VALUES (958408,52700);
INSERT INTO Contains VALUES (958408,608349);
INSERT INTO MessageSendsAndReceives VALUES (618802,130323,756497,'Your order #958408','Your order is on its way. Enjoy!',1528961833619);
INSERT INTO OrderFullfillsAndPlaces VALUES (241674,130323,361191,1528962868623);
INSERT INTO Contains VALUES (241674,653556);
INSERT INTO Contains VALUES (241674,52700);
INSERT INTO MessageSendsAndReceives VALUES (166649,130323,361191,'Your order #241674','Your order is on its way. Enjoy!',1528962868623);
INSERT INTO OrderFullfillsAndPlaces VALUES (636411,130323,35364,1528961958777);
INSERT INTO Contains VALUES (636411,174034);
INSERT INTO Contains VALUES (636411,43154);
INSERT INTO MessageSendsAndReceives VALUES (269417,130323,35364,'Your order #636411','Your order is on its way. Enjoy!',1528961958777);
INSERT INTO OrderFullfillsAndPlaces VALUES (539888,130323,422613,1528962242284);
INSERT INTO Contains VALUES (539888,653556);
INSERT INTO Contains VALUES (539888,608349);
INSERT INTO MessageSendsAndReceives VALUES (534257,130323,422613,'Your order #539888','Your order is on its way. Enjoy!',1528962242284);
INSERT INTO OrderFullfillsAndPlaces VALUES (850380,130323,493412,1528962859388);
INSERT INTO Contains VALUES (850380,653556);
INSERT INTO MessageSendsAndReceives VALUES (768061,130323,493412,'Your order #850380','Your order is on its way. Enjoy!',1528962859388);
INSERT INTO OrderFullfillsAndPlaces VALUES (357270,130323,961695,1528962905143);
INSERT INTO Contains VALUES (357270,653556);
INSERT INTO Contains VALUES (357270,608349);
INSERT INTO Contains VALUES (357270,52700);
INSERT INTO MessageSendsAndReceives VALUES (669962,130323,961695,'Your order #357270','Your order is on its way. Enjoy!',1528962905143);
INSERT INTO OrderFullfillsAndPlaces VALUES (115256,573223,181143,1528961820662);
INSERT INTO Contains VALUES (115256,584966);
INSERT INTO Contains VALUES (115256,951323);
INSERT INTO Contains VALUES (115256,377846);
INSERT INTO Contains VALUES (115256,315892);
INSERT INTO MessageSendsAndReceives VALUES (227206,573223,181143,'Your order #115256','Your order is on its way. Enjoy!',1528961820662);
INSERT INTO OrderFullfillsAndPlaces VALUES (909590,573223,78628,1528961474445);
INSERT INTO Contains VALUES (909590,584966);
INSERT INTO MessageSendsAndReceives VALUES (956207,573223,78628,'Your order #909590','Your order is on its way. Enjoy!',1528961474445);
INSERT INTO OrderFullfillsAndPlaces VALUES (72358,573223,482483,1528961050379);
INSERT INTO Contains VALUES (72358,377846);
INSERT INTO Contains VALUES (72358,584966);
INSERT INTO Contains VALUES (72358,315892);
INSERT INTO MessageSendsAndReceives VALUES (14439,573223,482483,'Your order #72358','Your order is on its way. Enjoy!',1528961050379);
INSERT INTO OrderFullfillsAndPlaces VALUES (793429,62129,882567,1528961805903);
INSERT INTO Contains VALUES (793429,211596);
INSERT INTO MessageSendsAndReceives VALUES (509517,62129,882567,'Your order #793429','Your order is on its way. Enjoy!',1528961805903);
INSERT INTO OrderFullfillsAndPlaces VALUES (128925,62129,867512,1528961128827);
INSERT INTO Contains VALUES (128925,211596);
INSERT INTO MessageSendsAndReceives VALUES (8090,62129,867512,'Your order #128925','Your order is on its way. Enjoy!',1528961128827);
INSERT INTO OrderFullfillsAndPlaces VALUES (127508,62129,178331,1528961599828);
INSERT INTO Contains VALUES (127508,211596);
INSERT INTO MessageSendsAndReceives VALUES (909037,62129,178331,'Your order #127508','Your order is on its way. Enjoy!',1528961599828);
INSERT INTO OrderFullfillsAndPlaces VALUES (701966,62129,585462,1528962215792);
INSERT INTO Contains VALUES (701966,211596);
INSERT INTO MessageSendsAndReceives VALUES (279130,62129,585462,'Your order #701966','Your order is on its way. Enjoy!',1528962215792);
INSERT INTO OrderFullfillsAndPlaces VALUES (126372,62129,507837,1528961684970);
INSERT INTO Contains VALUES (126372,211596);
INSERT INTO MessageSendsAndReceives VALUES (515242,62129,507837,'Your order #126372','Your order is on its way. Enjoy!',1528961684970);
INSERT INTO OrderFullfillsAndPlaces VALUES (459529,62129,121528,1528961706135);
INSERT INTO Contains VALUES (459529,211596);
INSERT INTO MessageSendsAndReceives VALUES (894731,62129,121528,'Your order #459529','Your order is on its way. Enjoy!',1528961706135);
INSERT INTO OrderFullfillsAndPlaces VALUES (443508,62129,95272,1528962965523);
INSERT INTO Contains VALUES (443508,211596);
INSERT INTO MessageSendsAndReceives VALUES (296111,62129,95272,'Your order #443508','Your order is on its way. Enjoy!',1528962965523);
INSERT INTO OrderFullfillsAndPlaces VALUES (273211,62129,370026,1528962315113);
INSERT INTO Contains VALUES (273211,211596);
INSERT INTO MessageSendsAndReceives VALUES (451990,62129,370026,'Your order #273211','Your order is on its way. Enjoy!',1528962315113);
INSERT INTO OrderFullfillsAndPlaces VALUES (308326,804551,394190,1528961496792);
INSERT INTO Contains VALUES (308326,143476);
INSERT INTO Contains VALUES (308326,808778);
INSERT INTO MessageSendsAndReceives VALUES (319560,804551,394190,'Your order #308326','Your order is on its way. Enjoy!',1528961496792);
INSERT INTO OrderFullfillsAndPlaces VALUES (659511,804551,886295,1528962480539);
INSERT INTO Contains VALUES (659511,774831);
INSERT INTO MessageSendsAndReceives VALUES (547487,804551,886295,'Your order #659511','Your order is on its way. Enjoy!',1528962480539);
INSERT INTO OrderFullfillsAndPlaces VALUES (386968,804551,794864,1528961849064);
INSERT INTO Contains VALUES (386968,852137);
INSERT INTO Contains VALUES (386968,808778);
INSERT INTO MessageSendsAndReceives VALUES (543576,804551,794864,'Your order #386968','Your order is on its way. Enjoy!',1528961849064);
INSERT INTO OrderFullfillsAndPlaces VALUES (416566,354510,95272,1528962943250);
INSERT INTO Contains VALUES (416566,689278);
INSERT INTO MessageSendsAndReceives VALUES (326965,354510,95272,'Your order #416566','Your order is on its way. Enjoy!',1528962943250);
INSERT INTO OrderFullfillsAndPlaces VALUES (456056,354510,672322,1528962916504);
INSERT INTO Contains VALUES (456056,347034);
INSERT INTO Contains VALUES (456056,87778);
INSERT INTO MessageSendsAndReceives VALUES (296793,354510,672322,'Your order #456056','Your order is on its way. Enjoy!',1528962916504);
INSERT INTO OrderFullfillsAndPlaces VALUES (927557,354510,965923,1528962061223);
INSERT INTO Contains VALUES (927557,678241);
INSERT INTO Contains VALUES (927557,864051);
INSERT INTO Contains VALUES (927557,87778);
INSERT INTO MessageSendsAndReceives VALUES (863586,354510,965923,'Your order #927557','Your order is on its way. Enjoy!',1528962061223);
INSERT INTO OrderFullfillsAndPlaces VALUES (804335,354510,842030,1528961931605);
INSERT INTO Contains VALUES (804335,51755);
INSERT INTO Contains VALUES (804335,864051);
INSERT INTO Contains VALUES (804335,347034);
INSERT INTO Contains VALUES (804335,87778);
INSERT INTO MessageSendsAndReceives VALUES (510241,354510,842030,'Your order #804335','Your order is on its way. Enjoy!',1528961931605);
INSERT INTO OrderFullfillsAndPlaces VALUES (531928,354510,838514,1528961436023);
INSERT INTO Contains VALUES (531928,864051);
INSERT INTO Contains VALUES (531928,678241);
INSERT INTO Contains VALUES (531928,347034);
INSERT INTO MessageSendsAndReceives VALUES (533834,354510,838514,'Your order #531928','Your order is on its way. Enjoy!',1528961436023);
INSERT INTO OrderFullfillsAndPlaces VALUES (623844,354510,362449,1528961360163);
INSERT INTO Contains VALUES (623844,864051);
INSERT INTO Contains VALUES (623844,51755);
INSERT INTO Contains VALUES (623844,678241);
INSERT INTO MessageSendsAndReceives VALUES (363438,354510,362449,'Your order #623844','Your order is on its way. Enjoy!',1528961360163);
INSERT INTO OrderFullfillsAndPlaces VALUES (168375,354510,849909,1528962359867);
INSERT INTO Contains VALUES (168375,273239);
INSERT INTO MessageSendsAndReceives VALUES (72847,354510,849909,'Your order #168375','Your order is on its way. Enjoy!',1528962359867);
INSERT INTO OrderFullfillsAndPlaces VALUES (293953,981424,708977,1528962438990);
INSERT INTO Contains VALUES (293953,86965);
INSERT INTO Contains VALUES (293953,832110);
INSERT INTO MessageSendsAndReceives VALUES (298487,981424,708977,'Your order #293953','Your order is on its way. Enjoy!',1528962438990);
INSERT INTO OrderFullfillsAndPlaces VALUES (156052,981424,361191,1528962936073);
INSERT INTO Contains VALUES (156052,832110);
INSERT INTO Contains VALUES (156052,86965);
INSERT INTO MessageSendsAndReceives VALUES (876465,981424,361191,'Your order #156052','Your order is on its way. Enjoy!',1528962936073);
INSERT INTO OrderFullfillsAndPlaces VALUES (599145,981424,422613,1528961799570);
INSERT INTO Contains VALUES (599145,832110);
INSERT INTO MessageSendsAndReceives VALUES (266071,981424,422613,'Your order #599145','Your order is on its way. Enjoy!',1528961799570);
INSERT INTO OrderFullfillsAndPlaces VALUES (463367,981424,85229,1528961706367);
INSERT INTO Contains VALUES (463367,832110);
INSERT INTO Contains VALUES (463367,441268);
INSERT INTO MessageSendsAndReceives VALUES (522519,981424,85229,'Your order #463367','Your order is on its way. Enjoy!',1528961706367);
INSERT INTO OrderFullfillsAndPlaces VALUES (45535,981424,777100,1528961250067);
INSERT INTO Contains VALUES (45535,832110);
INSERT INTO Contains VALUES (45535,441268);
INSERT INTO Contains VALUES (45535,86965);
INSERT INTO MessageSendsAndReceives VALUES (763077,981424,777100,'Your order #45535','Your order is on its way. Enjoy!',1528961250067);
INSERT INTO OrderFullfillsAndPlaces VALUES (605363,981424,35364,1528961930305);
INSERT INTO Contains VALUES (605363,832110);
INSERT INTO Contains VALUES (605363,441268);
INSERT INTO Contains VALUES (605363,86965);
INSERT INTO MessageSendsAndReceives VALUES (555395,981424,35364,'Your order #605363','Your order is on its way. Enjoy!',1528961930305);
INSERT INTO OrderFullfillsAndPlaces VALUES (858807,981424,893676,1528962385563);
INSERT INTO Contains VALUES (858807,86965);
INSERT INTO Contains VALUES (858807,441268);
INSERT INTO Contains VALUES (858807,832110);
INSERT INTO MessageSendsAndReceives VALUES (665775,981424,893676,'Your order #858807','Your order is on its way. Enjoy!',1528962385563);
INSERT INTO OrderFullfillsAndPlaces VALUES (555032,981424,382908,1528962182510);
INSERT INTO Contains VALUES (555032,86965);
INSERT INTO MessageSendsAndReceives VALUES (523859,981424,382908,'Your order #555032','Your order is on its way. Enjoy!',1528962182510);
INSERT INTO OrderFullfillsAndPlaces VALUES (134291,662157,993970,1528961981480);
INSERT INTO Contains VALUES (134291,297622);
INSERT INTO MessageSendsAndReceives VALUES (521754,662157,993970,'Your order #134291','Your order is on its way. Enjoy!',1528961981480);
INSERT INTO OrderFullfillsAndPlaces VALUES (308589,662157,78628,1528961858044);
INSERT INTO Contains VALUES (308589,297622);
INSERT INTO Contains VALUES (308589,130628);
INSERT INTO MessageSendsAndReceives VALUES (359178,662157,78628,'Your order #308589','Your order is on its way. Enjoy!',1528961858044);
INSERT INTO OrderFullfillsAndPlaces VALUES (986638,808574,394190,1528961542119);
INSERT INTO Contains VALUES (986638,711551);
INSERT INTO Contains VALUES (986638,894201);
INSERT INTO MessageSendsAndReceives VALUES (731623,808574,394190,'Your order #986638','Your order is on its way. Enjoy!',1528961542119);
INSERT INTO OrderFullfillsAndPlaces VALUES (597617,921832,763583,1528961695007);
INSERT INTO Contains VALUES (597617,407609);
INSERT INTO Contains VALUES (597617,230117);
INSERT INTO MessageSendsAndReceives VALUES (60574,921832,763583,'Your order #597617','Your order is on its way. Enjoy!',1528961695007);
INSERT INTO OrderFullfillsAndPlaces VALUES (251560,921832,637534,1528961062057);
INSERT INTO Contains VALUES (251560,230117);
INSERT INTO Contains VALUES (251560,152865);
INSERT INTO Contains VALUES (251560,407609);
INSERT INTO MessageSendsAndReceives VALUES (149687,921832,637534,'Your order #251560','Your order is on its way. Enjoy!',1528961062057);
INSERT INTO OrderFullfillsAndPlaces VALUES (172363,921832,777100,1528962069620);
INSERT INTO Contains VALUES (172363,485291);
INSERT INTO Contains VALUES (172363,999626);
INSERT INTO MessageSendsAndReceives VALUES (357995,921832,777100,'Your order #172363','Your order is on its way. Enjoy!',1528962069620);
INSERT INTO OrderFullfillsAndPlaces VALUES (203644,921832,133105,1528961248229);
INSERT INTO Contains VALUES (203644,407609);
INSERT INTO Contains VALUES (203644,230117);
INSERT INTO MessageSendsAndReceives VALUES (704183,921832,133105,'Your order #203644','Your order is on its way. Enjoy!',1528961248229);
INSERT INTO OrderFullfillsAndPlaces VALUES (120707,921832,340213,1528962911773);
INSERT INTO Contains VALUES (120707,485291);
INSERT INTO Contains VALUES (120707,407609);
INSERT INTO Contains VALUES (120707,999626);
INSERT INTO MessageSendsAndReceives VALUES (326083,921832,340213,'Your order #120707','Your order is on its way. Enjoy!',1528962911773);
INSERT INTO OrderFullfillsAndPlaces VALUES (331162,408650,356952,1528961309982);
INSERT INTO Contains VALUES (331162,115845);
INSERT INTO Contains VALUES (331162,261561);
INSERT INTO Contains VALUES (331162,393481);
INSERT INTO MessageSendsAndReceives VALUES (147342,408650,356952,'Your order #331162','Your order is on its way. Enjoy!',1528961309982);
INSERT INTO OrderFullfillsAndPlaces VALUES (284022,408650,249322,1528961103693);
INSERT INTO Contains VALUES (284022,798840);
INSERT INTO Contains VALUES (284022,393481);
INSERT INTO MessageSendsAndReceives VALUES (694037,408650,249322,'Your order #284022','Your order is on its way. Enjoy!',1528961103693);
INSERT INTO OrderFullfillsAndPlaces VALUES (899366,408650,249322,1528962907294);
INSERT INTO Contains VALUES (899366,261561);
INSERT INTO Contains VALUES (899366,393481);
INSERT INTO MessageSendsAndReceives VALUES (585392,408650,249322,'Your order #899366','Your order is on its way. Enjoy!',1528962907294);
INSERT INTO OrderFullfillsAndPlaces VALUES (628647,438254,326617,1528962803681);
INSERT INTO Contains VALUES (628647,358964);
INSERT INTO Contains VALUES (628647,946471);
INSERT INTO MessageSendsAndReceives VALUES (754214,438254,326617,'Your order #628647','Your order is on its way. Enjoy!',1528962803681);
INSERT INTO OrderFullfillsAndPlaces VALUES (645851,438254,126903,1528962143865);
INSERT INTO Contains VALUES (645851,358964);
INSERT INTO Contains VALUES (645851,946471);
INSERT INTO MessageSendsAndReceives VALUES (346778,438254,126903,'Your order #645851','Your order is on its way. Enjoy!',1528962143865);
INSERT INTO OrderFullfillsAndPlaces VALUES (537271,438254,121528,1528961825008);
INSERT INTO Contains VALUES (537271,946471);
INSERT INTO Contains VALUES (537271,358964);
INSERT INTO MessageSendsAndReceives VALUES (780878,438254,121528,'Your order #537271','Your order is on its way. Enjoy!',1528961825008);
INSERT INTO OrderFullfillsAndPlaces VALUES (190443,438254,275908,1528961222396);
INSERT INTO Contains VALUES (190443,358964);
INSERT INTO Contains VALUES (190443,946471);
INSERT INTO MessageSendsAndReceives VALUES (372965,438254,275908,'Your order #190443','Your order is on its way. Enjoy!',1528961222396);
INSERT INTO OrderFullfillsAndPlaces VALUES (499327,438254,842030,1528962877822);
INSERT INTO Contains VALUES (499327,946471);
INSERT INTO Contains VALUES (499327,358964);
INSERT INTO MessageSendsAndReceives VALUES (294232,438254,842030,'Your order #499327','Your order is on its way. Enjoy!',1528962877822);
INSERT INTO OrderFullfillsAndPlaces VALUES (869832,438254,637534,1528962280344);
INSERT INTO Contains VALUES (869832,946471);
INSERT INTO MessageSendsAndReceives VALUES (622285,438254,637534,'Your order #869832','Your order is on its way. Enjoy!',1528962280344);
INSERT INTO OrderFullfillsAndPlaces VALUES (539516,438254,799511,1528961567974);
INSERT INTO Contains VALUES (539516,946471);
INSERT INTO MessageSendsAndReceives VALUES (650766,438254,799511,'Your order #539516','Your order is on its way. Enjoy!',1528961567974);
INSERT INTO OrderFullfillsAndPlaces VALUES (310688,438254,910626,1528961609499);
INSERT INTO Contains VALUES (310688,946471);
INSERT INTO Contains VALUES (310688,358964);
INSERT INTO MessageSendsAndReceives VALUES (34971,438254,910626,'Your order #310688','Your order is on its way. Enjoy!',1528961609499);
INSERT INTO OrderFullfillsAndPlaces VALUES (775611,438254,248221,1528962976804);
INSERT INTO Contains VALUES (775611,358964);
INSERT INTO Contains VALUES (775611,946471);
INSERT INTO MessageSendsAndReceives VALUES (385799,438254,248221,'Your order #775611','Your order is on its way. Enjoy!',1528962976804);
INSERT INTO OrderFullfillsAndPlaces VALUES (74022,82861,507837,1528961934380);
INSERT INTO Contains VALUES (74022,229721);
INSERT INTO Contains VALUES (74022,556601);
INSERT INTO MessageSendsAndReceives VALUES (82451,82861,507837,'Your order #74022','Your order is on its way. Enjoy!',1528961934380);
INSERT INTO OrderFullfillsAndPlaces VALUES (341468,82861,965923,1528962898368);
INSERT INTO Contains VALUES (341468,46590);
INSERT INTO Contains VALUES (341468,580378);
INSERT INTO Contains VALUES (341468,408749);
INSERT INTO MessageSendsAndReceives VALUES (291544,82861,965923,'Your order #341468','Your order is on its way. Enjoy!',1528962898368);
INSERT INTO OrderFullfillsAndPlaces VALUES (878737,82861,571238,1528962623994);
INSERT INTO Contains VALUES (878737,580378);
INSERT INTO Contains VALUES (878737,408749);
INSERT INTO MessageSendsAndReceives VALUES (182723,82861,571238,'Your order #878737','Your order is on its way. Enjoy!',1528962623994);
INSERT INTO OrderFullfillsAndPlaces VALUES (35298,82861,849909,1528962837117);
INSERT INTO Contains VALUES (35298,985411);
INSERT INTO MessageSendsAndReceives VALUES (471946,82861,849909,'Your order #35298','Your order is on its way. Enjoy!',1528962837117);
INSERT INTO OrderFullfillsAndPlaces VALUES (758076,883881,210022,1528962827291);
INSERT INTO Contains VALUES (758076,804516);
INSERT INTO Contains VALUES (758076,249339);
INSERT INTO MessageSendsAndReceives VALUES (171184,883881,210022,'Your order #758076','Your order is on its way. Enjoy!',1528962827291);
INSERT INTO OrderFullfillsAndPlaces VALUES (480313,883881,533342,1528962249821);
INSERT INTO Contains VALUES (480313,258481);
INSERT INTO Contains VALUES (480313,235732);
INSERT INTO MessageSendsAndReceives VALUES (364704,883881,533342,'Your order #480313','Your order is on its way. Enjoy!',1528962249821);
INSERT INTO OrderFullfillsAndPlaces VALUES (112788,883881,495743,1528962114316);
INSERT INTO Contains VALUES (112788,804516);
INSERT INTO Contains VALUES (112788,258481);
INSERT INTO Contains VALUES (112788,599678);
INSERT INTO MessageSendsAndReceives VALUES (961282,883881,495743,'Your order #112788','Your order is on its way. Enjoy!',1528962114316);
INSERT INTO OrderFullfillsAndPlaces VALUES (20210,883881,78628,1528962030507);
INSERT INTO Contains VALUES (20210,804516);
INSERT INTO MessageSendsAndReceives VALUES (293274,883881,78628,'Your order #20210','Your order is on its way. Enjoy!',1528962030507);
INSERT INTO OrderFullfillsAndPlaces VALUES (242705,883881,533342,1528961735668);
INSERT INTO Contains VALUES (242705,249339);
INSERT INTO MessageSendsAndReceives VALUES (412788,883881,533342,'Your order #242705','Your order is on its way. Enjoy!',1528961735668);
INSERT INTO OrderFullfillsAndPlaces VALUES (423599,883881,977428,1528962681577);
INSERT INTO Contains VALUES (423599,804516);
INSERT INTO MessageSendsAndReceives VALUES (119347,883881,977428,'Your order #423599','Your order is on its way. Enjoy!',1528962681577);
INSERT INTO OrderFullfillsAndPlaces VALUES (922561,883881,35364,1528961093072);
INSERT INTO Contains VALUES (922561,599678);
INSERT INTO MessageSendsAndReceives VALUES (826265,883881,35364,'Your order #922561','Your order is on its way. Enjoy!',1528961093072);
INSERT INTO OrderFullfillsAndPlaces VALUES (569978,771138,993970,1528962031490);
INSERT INTO Contains VALUES (569978,262439);
INSERT INTO Contains VALUES (569978,507266);
INSERT INTO Contains VALUES (569978,790741);
INSERT INTO MessageSendsAndReceives VALUES (221607,771138,993970,'Your order #569978','Your order is on its way. Enjoy!',1528962031490);
INSERT INTO OrderFullfillsAndPlaces VALUES (188635,771138,777100,1528961875100);
INSERT INTO Contains VALUES (188635,790741);
INSERT INTO Contains VALUES (188635,507266);
INSERT INTO MessageSendsAndReceives VALUES (2369,771138,777100,'Your order #188635','Your order is on its way. Enjoy!',1528961875100);
INSERT INTO OrderFullfillsAndPlaces VALUES (623475,771138,566354,1528961737060);
INSERT INTO Contains VALUES (623475,790741);
INSERT INTO MessageSendsAndReceives VALUES (445738,771138,566354,'Your order #623475','Your order is on its way. Enjoy!',1528961737060);
INSERT INTO OrderFullfillsAndPlaces VALUES (986628,771138,326617,1528962550356);
INSERT INTO Contains VALUES (986628,507266);
INSERT INTO MessageSendsAndReceives VALUES (455089,771138,326617,'Your order #986628','Your order is on its way. Enjoy!',1528962550356);
INSERT INTO OrderFullfillsAndPlaces VALUES (736263,771138,382908,1528961550141);
INSERT INTO Contains VALUES (736263,507266);
INSERT INTO MessageSendsAndReceives VALUES (738041,771138,382908,'Your order #736263','Your order is on its way. Enjoy!',1528961550141);
INSERT INTO OrderFullfillsAndPlaces VALUES (159498,771138,885311,1528961442037);
INSERT INTO Contains VALUES (159498,790741);
INSERT INTO MessageSendsAndReceives VALUES (259020,771138,885311,'Your order #159498','Your order is on its way. Enjoy!',1528961442037);
INSERT INTO OrderFullfillsAndPlaces VALUES (385272,761485,121528,1528962063064);
INSERT INTO Contains VALUES (385272,91447);
INSERT INTO MessageSendsAndReceives VALUES (480007,761485,121528,'Your order #385272','Your order is on its way. Enjoy!',1528962063064);
INSERT INTO OrderFullfillsAndPlaces VALUES (906609,761485,674953,1528961593409);
INSERT INTO Contains VALUES (906609,91447);
INSERT INTO Contains VALUES (906609,79050);
INSERT INTO MessageSendsAndReceives VALUES (713426,761485,674953,'Your order #906609','Your order is on its way. Enjoy!',1528961593409);
INSERT INTO OrderFullfillsAndPlaces VALUES (559979,761485,842030,1528961325218);
INSERT INTO Contains VALUES (559979,91447);
INSERT INTO Contains VALUES (559979,724467);
INSERT INTO MessageSendsAndReceives VALUES (141553,761485,842030,'Your order #559979','Your order is on its way. Enjoy!',1528961325218);
INSERT INTO OrderFullfillsAndPlaces VALUES (691362,761485,885311,1528961322921);
INSERT INTO Contains VALUES (691362,91447);
INSERT INTO Contains VALUES (691362,724467);
INSERT INTO MessageSendsAndReceives VALUES (521637,761485,885311,'Your order #691362','Your order is on its way. Enjoy!',1528961322921);
INSERT INTO OrderFullfillsAndPlaces VALUES (184465,761485,248221,1528961232155);
INSERT INTO Contains VALUES (184465,79050);
INSERT INTO MessageSendsAndReceives VALUES (61476,761485,248221,'Your order #184465','Your order is on its way. Enjoy!',1528961232155);
INSERT INTO OrderFullfillsAndPlaces VALUES (96914,100074,965923,1528962200402);
INSERT INTO Contains VALUES (96914,498261);
INSERT INTO Contains VALUES (96914,465029);
INSERT INTO MessageSendsAndReceives VALUES (735322,100074,965923,'Your order #96914','Your order is on its way. Enjoy!',1528962200402);
INSERT INTO OrderFullfillsAndPlaces VALUES (533526,100074,672322,1528961595009);
INSERT INTO Contains VALUES (533526,728645);
INSERT INTO Contains VALUES (533526,53944);
INSERT INTO MessageSendsAndReceives VALUES (360705,100074,672322,'Your order #533526','Your order is on its way. Enjoy!',1528961595009);
INSERT INTO OrderFullfillsAndPlaces VALUES (860923,100074,35364,1528962847931);
INSERT INTO Contains VALUES (860923,284752);
INSERT INTO Contains VALUES (860923,53944);
INSERT INTO Contains VALUES (860923,465029);
INSERT INTO MessageSendsAndReceives VALUES (173125,100074,35364,'Your order #860923','Your order is on its way. Enjoy!',1528962847931);
INSERT INTO OrderFullfillsAndPlaces VALUES (981795,100074,737221,1528963005057);
INSERT INTO Contains VALUES (981795,498261);
INSERT INTO MessageSendsAndReceives VALUES (64724,100074,737221,'Your order #981795','Your order is on its way. Enjoy!',1528963005057);
INSERT INTO OrderFullfillsAndPlaces VALUES (550004,100074,64266,1528962313616);
INSERT INTO Contains VALUES (550004,465029);
INSERT INTO MessageSendsAndReceives VALUES (525314,100074,64266,'Your order #550004','Your order is on its way. Enjoy!',1528962313616);
INSERT INTO OrderFullfillsAndPlaces VALUES (908525,100074,507837,1528962505350);
INSERT INTO Contains VALUES (908525,465029);
INSERT INTO MessageSendsAndReceives VALUES (274143,100074,507837,'Your order #908525','Your order is on its way. Enjoy!',1528962505350);
INSERT INTO OrderFullfillsAndPlaces VALUES (789876,100074,184754,1528961665381);
INSERT INTO Contains VALUES (789876,659912);
INSERT INTO MessageSendsAndReceives VALUES (216627,100074,184754,'Your order #789876','Your order is on its way. Enjoy!',1528961665381);
INSERT INTO OrderFullfillsAndPlaces VALUES (246977,100074,505488,1528962426653);
INSERT INTO Contains VALUES (246977,498261);
INSERT INTO Contains VALUES (246977,53944);
INSERT INTO MessageSendsAndReceives VALUES (425509,100074,505488,'Your order #246977','Your order is on its way. Enjoy!',1528962426653);
INSERT INTO OrderFullfillsAndPlaces VALUES (121349,438631,73006,1528961212482);
INSERT INTO Contains VALUES (121349,357848);
INSERT INTO Contains VALUES (121349,819259);
INSERT INTO Contains VALUES (121349,321980);
INSERT INTO MessageSendsAndReceives VALUES (622086,438631,73006,'Your order #121349','Your order is on its way. Enjoy!',1528961212482);
INSERT INTO OrderFullfillsAndPlaces VALUES (229327,438631,284679,1528961228576);
INSERT INTO Contains VALUES (229327,726157);
INSERT INTO MessageSendsAndReceives VALUES (643867,438631,284679,'Your order #229327','Your order is on its way. Enjoy!',1528961228576);
INSERT INTO OrderFullfillsAndPlaces VALUES (496201,438631,64266,1528962163066);
INSERT INTO Contains VALUES (496201,799439);
INSERT INTO Contains VALUES (496201,321980);
INSERT INTO Contains VALUES (496201,726157);
INSERT INTO MessageSendsAndReceives VALUES (634336,438631,64266,'Your order #496201','Your order is on its way. Enjoy!',1528962163066);
INSERT INTO OrderFullfillsAndPlaces VALUES (811574,438631,799511,1528961977073);
INSERT INTO Contains VALUES (811574,324775);
INSERT INTO MessageSendsAndReceives VALUES (963200,438631,799511,'Your order #811574','Your order is on its way. Enjoy!',1528961977073);
INSERT INTO OrderFullfillsAndPlaces VALUES (339284,438631,601674,1528961100761);
INSERT INTO Contains VALUES (339284,799439);
INSERT INTO MessageSendsAndReceives VALUES (151383,438631,601674,'Your order #339284','Your order is on its way. Enjoy!',1528961100761);
INSERT INTO OrderFullfillsAndPlaces VALUES (514377,722693,510449,1528961818960);
INSERT INTO Contains VALUES (514377,31636);
INSERT INTO MessageSendsAndReceives VALUES (400115,722693,510449,'Your order #514377','Your order is on its way. Enjoy!',1528961818960);
INSERT INTO OrderFullfillsAndPlaces VALUES (581357,722693,742863,1528962073083);
INSERT INTO Contains VALUES (581357,31636);
INSERT INTO MessageSendsAndReceives VALUES (293111,722693,742863,'Your order #581357','Your order is on its way. Enjoy!',1528962073083);
INSERT INTO OrderFullfillsAndPlaces VALUES (538616,722693,571238,1528961489186);
INSERT INTO Contains VALUES (538616,31636);
INSERT INTO MessageSendsAndReceives VALUES (708210,722693,571238,'Your order #538616','Your order is on its way. Enjoy!',1528961489186);
INSERT INTO OrderFullfillsAndPlaces VALUES (878672,722693,326617,1528962960601);
INSERT INTO Contains VALUES (878672,31636);
INSERT INTO MessageSendsAndReceives VALUES (676063,722693,326617,'Your order #878672','Your order is on its way. Enjoy!',1528962960601);
INSERT INTO OrderFullfillsAndPlaces VALUES (640723,722693,344313,1528962413645);
INSERT INTO Contains VALUES (640723,31636);
INSERT INTO MessageSendsAndReceives VALUES (452129,722693,344313,'Your order #640723','Your order is on its way. Enjoy!',1528962413645);
